CustomerId,sms_cnt,email_cnt,allcom_cnt,mail_cnt,sew_qty,sew_ns,paper_qty,paper_ns,pct_qty,pct_ns,needle_qty,needle_ns,quilt_qty,quilt_ns,impulse_qty,impulse_ns,other_qty,other_ns,kids_qty,kids_ns,jewelry_qty,jewelry_ns,ribbon_qty,ribbon_ns,paint_qty,paint_ns,seasfloral_qty,seasfloral_ns,celeb_qty,celeb_ns,fabric_qty,fabric_ns,fleece_qty,fleece_ns,warm_qty,warm_ns,homedec_qty,homedec_ns,public_qty,public_ns,special_qty,special_ns,foam_qty,foam_ns,bccomp_qty,bccomp_ns,sew_ns_qty,paper_ns_qty,pct_ns_qty,needle_ns_qty,quilt_ns_qty,impulse_ns_qty,other_ns_qty,kids_ns_qty,jewelry_ns_qty,ribbon_ns_qty,paint_ns_qty,seasfloral_ns_qty,celeb_ns_qty,fabric_ns_qty,fleece_ns_qty,special_ns_qty,warm_ns_qty,homedec_ns_qty,public_ns_qty,foam_ns_qty,bccomp_ns_qty,Cluster
252229851,95,0,144,49,7,19.73,0,0,0,0,0,0,0,0,0,0,57,299.79,0,0,0,0,7,16.93,0,0,8,62.02,0,0,84.056,595.37,0,0,0,0,3,35.98,0,0,71.847,215.84,0,0,5,6.79,2.818571429,0,0,0,0,0,5.259473684,0,0,2.418571429,0,7.7525,0,7.083016085,0,3.004161621,0,11.99333333,0,0,1.358,4
267638088,91,0,126,35,4,92.8,22,13.38,1,6.38,2,1.08,12.39,50.35,21,30.09,108.861,470.26,1,2.55,5,16.63,2,3.98,6,21.81,0,0,0,0,7.749,22.7,3.063,7.98,0,0,5.5,21.7,0,0,18.945,65.81,4,34.24,68,28.91,23.2,0.608181818,6.38,0.54,4.063761098,1.432857143,4.319820689,2.55,3.326,1.99,3.635,0,0,2.929410247,2.605288932,3.473739773,0,3.945454546,0,8.56,0.425147059,4
339662587,79,434,536,23,0,0,0,0,0,0,0,0,0.306,0.76,0,0,2,16.48,0,0,0,0,0,0,1,5.99,0,0,0,0,0,0,0,0,0,0,21.75,70.85,0,0,0,0,0,0,0,0,0,0,0,0,2.483660131,0,8.24,0,0,0,5.99,0,0,0,0,0,0,3.257471264,0,0,0,4
346246341,70,2,132,60,120,359.48,1,1,0,0,0,0,27,54.35,0,0,58,244.76,0,0,0,0,2,6.36,0,0,0,0,0,0,299,488.05,2,5.98,0,0,432,167.62,0,0,0,0,0,0,0,0,2.995666667,1,0,0,2.012962963,0,4.22,0,0,3.18,0,0,0,1.632274248,2.99,0,0,0.388009259,0,0,0,4
356469668,85,170,284,29,4,5.07,0,0,0,0,0,0,0,0,0,0,6.5,22.47,0,0,0,0,0,0,0,0,0,0,0,0,1,0.49,0,0,0,0,0,0,0,0,0,0,0,0,0,0,1.2675,0,0,0,0,0,3.456923077,0,0,0,0,0,0,0.49,0,0,0,0,0,0,0,4
357079706,95,240,335,0,2,5.23,45,104.56,6,51.18,0,0,9.084,39.83,5,16.48,40.625,129.21,3,6.13,9,42.04,8,14.12,13,42.13,1,1.07,2,7.6,0,0,0,0,0,0,3,29.97,0,0,0,0,1,7.19,7,16.08,2.615,2.323555556,8.53,0,4.384632321,3.296,3.180553846,2.043333333,4.671111111,1.765,3.240769231,1.07,3.8,0,0,0,0,9.99,0,7.19,2.297142857,4
358349389,46,137,205,22,0,0,0,0,0,0,6,16.37,4,22.37,4,2.64,3,22.67,1,1,10,24.34,0,0,1,1.09,0,0,0,0,9.5,58.35,0,0,0,0,0,0,5,52.05,0,0,0,0,0,0,0,0,0,2.728333333,5.5925,0.66,7.556666667,1,2.434,0,1.09,0,0,6.142105263,0,0,0,0,10.41,0,0,4
361702947,96,0,113,17,2,11.97,1,0.5,0,0,0,0,0,0,0,0,0,0,17,85.72,2,3.98,0,0,0,0,0,0,0,0,0,0,0,0,0,0,0,0,0,0,0,0,0,0,0,0,5.985,0.5,0,0,0,0,0,5.042352941,1.99,0,0,0,0,0,0,0,0,0,0,0,0,4
372681973,81,0,117,36,1,3.29,0,0,3,29.97,0,0,0,0,21,21,5,9.95,3,3.99,0,0,1,2.5,0,0,0,0,0,0,1.139,3.8,0,0,0,0,0,0,0,0,0.5,4.5,0,0,0,0,3.29,0,9.99,0,0,1,1.99,1.33,0,2.5,0,0,0,3.336259877,0,9,0,0,0,0,0,4
381338649,87,143,279,49,1,3.89,0,0,0,0,0,0,0,0,4,31.96,51,184.85,3,6.72,20,72.2,1,2.49,0,0,0,0,0,0,0,0,1,6.49,0,0,2.444,10.99,1,6.99,0,0,0,0,3,19.97,3.89,0,0,0,0,7.99,3.624509804,2.24,3.61,2.49,0,0,0,0,6.49,0,0,4.496726678,6.99,0,6.656666667,4
393611231,94,0,131,37,2,28.18,0,0,0,0,0,0,0,0,1,1.29,12,65.26,0,0,0,0,0,0,0,0,0,0,0,0,0,0,0,0,0,0,1.125,10.94,0,0,0,0,2,19.98,0,0,14.09,0,0,0,0,1.29,5.438333333,0,0,0,0,0,0,0,0,0,0,9.724444444,0,9.99,0,4
397238932,96,0,148,52,75,274.66,1,1.07,0,0,4,12.02,50.529,184.68,1,0.9,45.5,163.28,4,4.98,0,0,18,26.27,0,0,0,0,7,7.34,12.472,69.74,0,0,0.472,2.47,0,0,14,115.65,0.278,0.38,4.333,64.81,0,0,3.662133333,1.07,0,3.005,3.654930832,0.9,3.588571429,1.245,0,1.459444444,0,0,1.048571429,5.591725465,0,1.366906475,5.233050848,0,8.260714286,14.95730441,0,4
400837555,95,0,113,18,0,0,4,4.39,0,0,0,0,0,0,5,5.5,3,1.78,0,0,0,0,0,0,0,0,0,0,0,0,0,0,0,0,0,0,0,0,1,11.99,0,0,0,0,3,3.47,0,1.0975,0,0,0,1.1,0.593333333,0,0,0,0,0,0,0,0,0,0,0,11.99,0,1.156666667,4
427191374,86,445,543,12,9,129.46,0,0,0,0,0,0,1,2.49,3,2.4,4,31.18,0,0,0,0,0,0,0,0,0,0,0,0,0,0,0,0,0,0,0,0,0,0,0,0,1,56.69,0,0,14.38444444,0,0,0,2.49,0.8,7.795,0,0,0,0,0,0,0,0,0,0,0,0,56.69,0,4
429347230,82,445,566,39,6,10.92,0,0,0,0,9,30.74,3,8.98,1,1.11,15.5,49.17,4,20.57,3,10.57,0,0,1,0.47,0,0,2,10.98,3.666,10.9,4,16.47,0.333,1.66,2,10.24,1,6.49,0,0,0,0,0,0,1.82,0,0,3.415555556,2.993333333,1.11,3.172258065,5.1425,3.523333333,0,0.47,0,5.49,2.973267867,4.1175,0,4.984984985,5.12,6.49,0,0,4
440349942,95,449,574,30,1,10.19,0,0,0,0,0,0,2,16.67,3,1.84,3,23.98,0,0,0,0,4,10.67,0,0,0,0,0,0,0,0,0,0,0,0,1,5.49,0,0,0,0,0,0,0,0,10.19,0,0,0,8.335,0.613333333,7.993333333,0,0,2.6675,0,0,0,0,0,0,0,5.49,0,0,0,4
445878036,60,0,91,31,3,13.87,3,38.97,0,0,0,0,0,0,0,0,4.222,22.33,0,0,0,0,1,3.49,1,4.79,0,0,0,0,0,0,0,0,2.625,16.41,0,0,0,0,1.222,4.39,3.722,24.56,5,22.45,4.623333333,12.99,0,0,0,0,5.288962577,0,0,3.49,4.79,0,0,0,0,3.592471358,6.251428571,0,0,6.598602902,4.49,4
452143605,74,232,320,14,47,193.35,8,2.72,0,0,0,0,59.167,115.89,0,0,59.833,114.12,0,0,0,0,9,7.78,0,0,0,0,1,6.99,16.472,69.55,2.666,7.98,28.25,52.14,5,23.96,0,0,0,0,12,49.34,1,2.99,4.113829787,0.34,0,0,1.958693191,0,1.907308676,0,0,0.864444444,0,0,6.99,4.222316659,2.993248312,0,1.845663717,4.792,0,4.111666667,2.99,4
476405378,75,200,311,36,18,54.2,0,0,0,0,0,0,0,0,3,5.3,9,47.71,0,0,1,3.59,0,0,0,0,0,0,0,0,10,67.78,4,49.16,0,0,0,0,1,0.75,0,0,0,0,0,0,3.011111111,0,0,0,0,1.766666667,5.301111111,0,3.59,0,0,0,0,6.778,12.29,0,0,0,0.75,0,0,4
477598858,85,212,305,8,0,0,0,0,0,0,1,3.82,9.445,20.64,0,0,1,5.94,0,0,0,0,0,0,0,0,2,16.98,0,0,0,0,0,0,0,0,0,0,0,0,0,0,0,0,3,0.87,0,0,0,3.82,2.185283219,0,5.94,0,0,0,0,8.49,0,0,0,0,0,0,0,0,0.29,4
481810455,87,0,94,7,0,0,0,0,0,0,0,0,0,0,0,0,1,3.99,0,0,0,0,0,0,0,0,0,0,0,0,0,0,0,0,0,0,0,0,0,0,0.75,5.99,2,16.98,0,0,0,0,0,0,0,0,3.99,0,0,0,0,0,0,0,0,7.986666667,0,0,0,8.49,0,4
484948047,95,0,138,43,1,5.99,0,0,0,0,9,45.85,25.681,92.87,5,8.23,9,14.68,0,0,0,0,0,0,6,28.74,0,0,0,0,0,0,0,0,4.5,13.03,0,0,1,5.24,0,0,2,31.48,1,6.49,5.99,0,0,5.094444444,3.616292201,1.646,1.631111111,0,0,0,4.79,0,0,0,0,0,2.895555556,0,5.24,15.74,6.49,4
507981272,74,459,544,11,2,175.08,12,18.26,0,0,0,0,0,0,1,1.7,2.5,23.88,0,0,0,0,0,0,0,0,0,0,2,11.46,0,0,2.5,7.63,0,0,0,0,0,0,0,0,0,0,1,2.99,87.54,1.521666667,0,0,0,1.7,9.552,0,0,0,0,0,5.73,0,3.052,0,0,0,0,0,2.99,4
508025517,86,76,184,22,0,0,0,0,0,0,0,0,0,0,1,1.39,9.917,49.84,0,0,0,0,0,0,0,0,0,0,0,0,0,0,0,0,0,0,0,0,0,0,0,0,0,0,0,0,0,0,0,0,0,1.39,5.025713421,0,0,0,0,0,0,0,0,0,0,0,0,0,0,4
513488858,91,0,131,40,1,2.99,0,0,0,0,12,19.11,0,0,1,1.61,0,0,1,1.8,49,110.88,0,0,0,0,0,0,1,0.49,0.222,2,0,0,0,0,0,0,0,0,0,0,0,0,10,16.1,2.99,0,0,1.5925,0,1.61,0,1.8,2.262857143,0,0,0,0.49,9.009009009,0,0,0,0,0,0,1.61,4
530729805,74,445,529,10,3,10.99,0,0,0,0,1,3.59,4.333,6.83,7,8.98,12.666,36.05,0,0,0,0,0,0,0,0,0,0,0,0,0,0,7.069,17.11,1,2.54,1,2.99,0,0,0,0,0,0,0,0,3.663333333,0,0,3.59,1.576275098,1.282857143,2.846202432,0,0,0,0,0,0,0,2.420427217,0,2.54,2.99,0,0,0,4
544872377,95,80,190,15,39,114.45,3,1.18,0,0,2,5.98,1,4.99,2,1.5,12,24.15,25,42.06,0,0,9,17.28,8.417,14.33,0,0,0,0,3.625,16.23,0.389,3.81,0,0,0.5,2.75,0,0,32.972,113.73,0,0,19,46.82,2.934615385,0.393333333,0,2.99,4.99,0.75,2.0125,1.6824,0,1.92,1.702506831,0,0,4.477241379,9.794344473,3.449290307,0,5.5,0,0,2.464210526,4
547286518,90,456,580,34,3,10.37,5,5,0,0,1,1.79,0,0,4,7.96,0,0,0,0,0,0,1,0.5,0,0,1,5,0,0,0,0,0,0,0,0,0,0,0,0,0,0,0,0,3,7.47,3.456666667,1,0,1.79,0,1.99,0,0,0,0.5,0,5,0,0,0,0,0,0,0,0,2.49,4
547578898,96,446,577,35,5,14.5,0,0,0,0,0,0,0,0,3,6.05,15,69.66,2,4.48,0,0,1,2.99,0,0,1,3.11,0,0,9.778,77.77,10.028,42.23,0,0,4,19.96,0,0,15,17.89,1.028,6.78,5,10.55,2.9,0,0,0,0,2.016666667,4.644,2.24,0,2.99,0,3.11,0,7.953569237,4.211208616,1.192666667,0,4.99,0,6.595330739,2.11,4
547966358,86,0,89,3,6,21,2,6.99,0,0,4,24.96,0,0,0,0,7,35.33,2,6.28,0,0,0,0,0,0,0,0,0,0,0,0,0,0,6.778,22.3,0,0,0,0,4.583,15.97,0.75,4.12,0,0,3.5,3.495,0,6.24,0,0,5.047142857,3.14,0,0,0,0,0,0,0,3.484617063,3.290056064,0,0,5.493333333,0,4
557691607,89,0,95,6,0,0,0,0,0,0,6,33.01,0,0,0,0,0,0,0,0,0,0,0,0,0,0,0,0,0,0,0,0,0,0,0,0,0,0,0,0,0,0,0,0,0,0,0,0,0,5.501666667,0,0,0,0,0,0,0,0,0,0,0,0,0,0,0,0,0,4
558062568,94,0,135,41,7.056,27.01,0,0,0,0,54,263.6,0,0,12,17.59,4,37.46,0,0,0,0,0,0,3,12.42,0,0,0,0,0.5,5.95,1.223,3.11,0,0,7.416,39.97,1,10.99,0,0,1.5,13.49,0,0,3.827947846,0,0,4.881481482,0,1.465833333,9.365,0,0,0,4.14,0,0,11.9,2.542927228,0,0,5.38969795,10.99,8.993333333,0,4
563254184,95,208,320,17,20.444,88.24,2,11.98,0,0,3,2.67,4,28.17,4,7.53,56,266.11,1,6.99,1,3.37,10,25.81,1,1.99,3,2.13,10,52.38,3.889,19.04,0,0,14.638,89.16,4,15.87,2,1.6,12.375,28.32,0,0,20,38.08,4.316180787,5.99,0,0.89,7.0425,1.8825,4.751964286,6.99,3.37,2.581,1.99,0.71,5.238,4.895860118,0,2.288484849,6.090996038,3.9675,0.8,0,1.904,4
586695041,71,430,518,17,2,5.75,0,0,0,0,0,0,0,0,0,0,0,0,0,0,0,0,0,0,0,0,0,0,0,0,0,0,1,2.02,0,0,0,0,0,0,0,0,0,0,15,6.17,2.875,0,0,0,0,0,0,0,0,0,0,0,0,0,2.02,0,0,0,0,0,0.411333333,4
597307438,96,0,123,27,4,39.26,0,0,0,0,0,0,1.25,3.74,0,0,1,3.99,0,0,0,0,0,0,0,0,0,0,0,0,0,0,2.5,14.98,0,0,0,0,0,0,0,0,0,0,0,0,9.815,0,0,0,2.992,0,3.99,0,0,0,0,0,0,0,5.992,0,0,0,0,0,0,4
601778160,85,436,565,44,0,0,0,0,1,17.49,1,1.79,0,0,0,0,18.139,43.86,0,0,0,0,0,0,0,0,0,0,3,2.37,0,0,1.972,5.91,0,0,0,0,0,0,0,0,0,0,0,0,0,0,17.49,1.79,0,0,2.417994377,0,0,0,0,0,0.79,0,2.996957404,0,0,0,0,0,0,4
605011386,85,431,553,37,0,0,1,2.49,0,0,0,0,1,3.56,1,2,12.5,21.64,0,0,0,0,0,0,0,0,0,0,0,0,0,0,0,0,12,32.41,0,0,1,8.99,4,11.97,0,0,0,0,0,2.49,0,0,3.56,2,1.7312,0,0,0,0,0,0,0,0,2.9925,2.700833333,0,8.99,0,0,4
632188496,61,8,113,44,4,25,0,0,0,0,0,0,16.5,41.89,3,3.67,3,26.46,0,0,0,0,0,0,9,82.54,0,0,0,0,0,0,16.25,85.65,1,2.37,0,0,0,0,0,0,1,25.19,0,0,6.25,0,0,0,2.538787879,1.223333333,8.82,0,0,0,9.171111111,0,0,0,5.270769231,0,2.37,0,0,25.19,0,4
636100489,73,187,294,34,0,0,11,25.84,2,6.78,0,0,0,0,0,0,74,228.75,0,0,0,0,0,0,52,183.63,0,0,0,0,0,0,0,0,0,0,0,0,0,0,0,0,0,0,0,0,0,2.349090909,3.39,0,0,0,3.091216216,0,0,0,3.531346154,0,0,0,0,0,0,0,0,0,0,4
646380709,94,219,331,18,0,0,0,0,0,0,0,0,0,0,0,0,0,0,0,0,2,3.73,4,5.57,0,0,0,0,0,0,0,0,0,0,0,0,3,13.19,0,0,0,0,1,17.99,3,14.97,0,0,0,0,0,0,0,0,1.865,1.3925,0,0,0,0,0,0,0,4.396666667,0,17.99,4.99,4
647087840,70,0,97,27,0,0,0,0,0,0,0,0,11,28.7,0,0,6.75,31.23,0,0,1,2.49,3,10.18,23,22.93,22,39.9,0,0,0,0,0,0,0,0,0,0,0,0,3,5.98,0,0,5,14.35,0,0,0,0,2.609090909,0,4.626666667,0,2.49,3.393333333,0.996956522,1.813636364,0,0,0,1.993333333,0,0,0,0,2.87,4
651394926,46,140,208,22,18,22.58,2,1.94,0,0,140,477.97,3,15.94,25,38.93,31,88.88,3,2.9,0,0,2,1,0,0,3,7.17,18,15.51,0,0,1,14.99,3,14.22,0,0,0,0,0,0,1,29.99,0,0,1.254444444,0.97,0,3.414071429,5.313333333,1.5572,2.867096774,0.966666667,0,0.5,0,2.39,0.861666667,0,14.99,0,4.74,0,0,29.99,0,4
667359327,89,452,557,16,1,3.49,24,39.6,0,0,0,0,0,0,0,0,8,31.37,0,0,0,0,0,0,7,15.78,0,0,1,1.39,0,0,4,13.96,0,0,0,0,0,0,0,0,0,0,1,1.79,3.49,1.65,0,0,0,0,3.92125,0,0,0,2.254285714,0,1.39,0,3.49,0,0,0,0,0,1.79,4
671813368,75,0,104,29,24,57.68,1,3.39,0,0,9,23.81,17.806,91.71,9,15.76,51,241.66,8,12.7,11,15.65,6,19.95,3,4.27,0,0,4,12.27,0,0,0,0,4,9.96,0,0,0,0,16.722,99.56,0,0,29,10.98,2.403333333,3.39,0,2.645555556,5.150511064,1.751111111,4.738431373,1.5875,1.422727273,3.325,1.423333333,0,3.0675,0,0,5.953833274,2.49,0,0,0,0.37862069,4
677038234,77,1,116,38,4,10.04,4,0.84,0,0,0,0,9.778,31.63,3,3.29,6.389,7.78,3,18.96,0,0,4.222,6.22,0,0,0,0,0,0,4,25.98,0.5,1.8,3.25,19.34,0,0,0,0,0.5,3,1,29.99,6,13.45,2.51,0.21,0,0,3.234812845,1.096666667,1.217717953,6.32,0,1.473235433,0,0,0,6.495,3.6,6,5.950769231,0,0,29.99,2.241666667,4
678973686,55,321,398,22,3,5.9,0,0,0,0,61,237.81,0,0,7,29.58,0,0,0,0,0,0,0,0,0,0,0,0,8,15.23,0,0,0,0,0,0,0,0,2,16.74,3.5,14.98,0,0,1,2.49,1.966666667,0,0,3.89852459,0,4.225714286,0,0,0,0,0,0,1.90375,0,0,4.28,0,0,8.37,0,2.49,4
679588772,96,427,575,52,4,13.88,1,8.49,0,0,2,5.1,15.348,46.74,12,31.3,32.833,165.16,35,153.11,0,0,7,8.06,5,3.8,2,3.18,1,2.2,0,0,0,0,0,0,0.417,0.62,0,0,0,0,0,0,11,24.03,3.47,8.49,0,2.55,3.045347928,2.608333333,5.030304876,4.374571429,0,1.151428571,0.76,1.59,2.2,0,0,0,0,1.486810552,0,0,2.184545455,4
680748332,85,33,120,2,2,5.98,0,0,0,0,0,0,8,9.55,0,0,0,0,2,5.08,0,0,0,0,0,0,0,0,5,8.95,8,50.42,0,0,0,0,7,20.93,0,0,0,0,0,0,0,0,2.99,0,0,0,1.19375,0,0,2.54,0,0,0,0,1.79,6.3025,0,0,0,2.99,0,0,0,4
718502271,75,436,537,26,1,4.99,0,0,0,0,0,0,3,7.48,3,5.8,1.5,11.13,1,1,0,0,3,12.47,0,0,0,0,0,0,0,0,0,0,3,12.46,0,0,0,0,10,45.64,0,0,0,0,4.99,0,0,0,2.493333333,1.933333333,7.42,1,0,4.156666667,0,0,0,0,0,4.564,4.153333333,0,0,0,0,4
736837659,72,0,72,0,0,0,0,0,0,0,0,0,0.5,4.25,0,0,1,8.49,0,0,0,0,0,0,0,0,0,0,0,0,0,0,0,0,5.528,41.42,0,0,0,0,0,0,0,0,0,0,0,0,0,0,8.5,0,8.49,0,0,0,0,0,0,0,0,0,7.49276411,0,0,0,0,4
736961392,95,377,512,40,0,0,0,0,0,0,0,0,1,4.8,7,8.98,3,44.48,1,1.49,0,0,1,1.29,1,0.59,0,0,0,0,0,0,1,8.99,0,0,4.945,62.58,0,0,0,0,2.5,13.73,0,0,0,0,0,0,4.8,1.282857143,14.82666667,1.49,0,1.29,0.59,0,0,0,8.99,0,0,12.65520728,0,5.492,0,4
745836213,67,217,305,21,0,0,0,0,0,0,0,0,0,0,1,0.98,1,4.98,2,1.18,2,5.08,7,3.01,0,0,0,0,1,1.9,0,0,3,17.57,0,0,2,4.2,0,0,0,0,0,0,0,0,0,0,0,0,0,0.98,4.98,0.59,2.54,0.43,0,0,1.9,0,5.856666667,0,0,2.1,0,0,0,4
749653606,92,0,136,44,5,42.45,22,74.41,0,0,1,0.99,6,40.75,16,40.99,70,252.23,28,222.41,3,7.94,0,0,33,83.64,3,15.77,9,53.11,0,0,0,0,0,0,0,0,6,14.54,0,0,1,2.49,45,119.91,8.49,3.382272727,0,0.99,6.791666667,2.561875,3.603285714,7.943214286,2.646666667,0,2.534545455,5.256666667,5.901111111,0,0,0,0,0,2.423333333,2.49,2.664666667,4
760837237,69,1,117,47,29,65.01,2,1.39,0,0,1,3.89,87.705,399.47,17,35.61,9,30.31,0,0,6,13.14,23,52.33,2,5.23,2,8.98,5,19.35,7.75,36.78,0,0,2,8.98,6,46.78,0,0,2.806,14.42,0,0,1,1.83,2.241724138,0.695,0,3.89,4.554700416,2.094705882,3.367777778,0,2.19,2.275217391,2.615,4.49,3.87,4.745806452,0,5.138987883,4.49,7.796666667,0,0,1.83,4
763334166,95,445,556,16,0,0,0,0,0,0,0,0,0,0,1,0.5,5,3.27,4,7.76,0,0,0,0,0,0,0,0,0,0,0,0,0,0,0,0,0,0,0,0,0,0,0,0,0,0,0,0,0,0,0,0.5,0.654,1.94,0,0,0,0,0,0,0,0,0,0,0,0,0,4
769685280,95,0,128,33,2,3.53,0,0,0,0,0,0,4.333,14.09,0,0,1,9.57,0,0,12,33.2,0,0,0,0,0,0,0,0,2,10.98,0,0,0,0,0,0,0,0,0,0,0,0,1,7.5,1.765,0,0,0,3.251788599,0,9.57,0,2.766666667,0,0,0,0,5.49,0,0,0,0,0,0,7.5,4
773073960,66,0,109,43,45,154.87,0,0,0,0,0,0,30.625,166.77,5,5.75,34.778,226.5,1,4.59,0,0,1,2.39,3,3.32,0,0,0,0,1,1.97,0,0,1.333,11.32,7,135.48,0,0,0,0,3,34.18,3,18.97,3.441555556,0,0,0,5.44555102,1.15,6.512737938,4.59,0,2.39,1.106666667,0,0,1.97,0,0,8.492123031,19.35428571,0,11.39333333,6.323333333,4
773210950,84,409,498,5,0,0,0,0,0,0,6,16.74,0,0,0,0,0,0,3,16.47,0,0,0,0,2,5.24,0,0,0,0,0,0,0,0,0,0,0,0,0,0,0,0,0,0,0,0,0,0,0,2.79,0,0,0,5.49,0,0,2.62,0,0,0,0,0,0,0,0,0,0,4
776028888,95,111,237,31,8,34.67,0,0,0,0,0,0,3.681,18.88,1,1.39,1,1,0,0,0,0,1,5.99,0,0,0,0,1,1.49,1,7.79,0,0,10,60.6,14,15.92,0,0,1,14.99,4.5,61.17,0,0,4.33375,0,0,0,5.129041022,1.39,1,0,0,5.99,0,0,1.49,7.79,0,14.99,6.06,1.137142857,0,13.59333333,0,4
791901838,84,423,519,12,15,33.81,0,0,0,0,0,0,3.5,15.73,2,2.84,8.5,49.97,1,5.99,0,0,1,0.4,0,0,0,0,0,0,0,0,20.5,86.43,0,0,0,0,0,0,4,22.46,0,0,0,0,2.254,0,0,0,4.494285714,1.42,5.878823529,5.99,0,0.4,0,0,0,0,4.216097561,5.615,0,0,0,0,0,4
796340479,70,0,129,59,23,110.26,4,30.46,3,27.4,1,2.09,12.583,33.67,29,40.19,15.25,54.14,10,10.9,0,0,4,3.16,2,17.98,2,25.6,0,0,5.5,19.34,5.5,31.18,84.42,225.7,25.375,248.67,0,0,16,15.8,1,2.99,3,10.47,4.793913044,7.615,9.133333333,2.09,2.675832472,1.385862069,3.550163934,1.09,0,0.79,8.99,12.8,0,3.516363636,5.669090909,0.9875,2.673537077,9.799802956,0,2.99,3.49,4
796817286,56,150,224,18,10,46.6,0,0,0,0,0,0,6,50.95,0,0,3,25.47,0,0,4,3.76,0,0,0,0,0,0,0,0,5.083,32.61,0,0,0,0,0,0,0,0,11,62.89,0,0,0,0,4.66,0,0,0,8.491666667,0,8.49,0,0.94,0,0,0,0,6.415502656,0,5.717272727,0,0,0,0,0,4
817039662,96,0,96,0,0,0,0,0,0,0,0,0,0,0,0,0,6,10.94,0,0,0,0,0,0,0,0,0,0,0,0,0,0,4,19.96,0,0,0,0,0,0,0,0,0,0,0,0,0,0,0,0,0,0,1.823333333,0,0,0,0,0,0,0,4.99,0,0,0,0,0,0,4
822788774,96,0,96,0,0,0,0,0,0,0,0,0,0,0,0,0,4,9.97,0,0,0,0,0,0,0,0,0,0,0,0,0,0,0,0,0,0,0,0,0,0,0,0,0,0,0,0,0,0,0,0,0,0,2.4925,0,0,0,0,0,0,0,0,0,0,0,0,0,0,4
822997623,96,0,96,0,5,15.7,0,0,0,0,0,0,8,14.94,3,4.14,14,62.46,5,20.49,2,6.16,2,7.78,0,0,1,2.99,0,0,4.445,14.19,0,0,0,0,0,0,0,0,0,0,0,0,0,0,3.14,0,0,0,1.8675,1.38,4.461428571,4.098,3.08,3.89,0,2.99,0,3.192350956,0,0,0,0,0,0,0,4
824755714,95,272,407,40,3,6.54,1,1,0,0,0,0,0,0,4,3.58,7,13.63,5,10.31,3,9.42,1,2.49,5,7.99,0,0,2,2.78,0,0,0,0,0,0,0,0,0,0,0,0,0,0,0,0,2.18,1,0,0,0,0.895,1.947142857,2.062,3.14,2.49,1.598,0,1.39,0,0,0,0,0,0,0,0,4
827341710,96,0,148,52,12,162.89,0,0,0,0,55,196.42,5,20.14,2,3.09,41,67.64,0,0,0,0,0,0,0,0,0,0,0,0,0,0,0,0,0,0,1,11.24,17,143.6,0,0,2,9.2,0,0,13.57416667,0,0,3.571272727,4.028,1.545,1.649756098,0,0,0,0,0,0,0,0,0,0,11.24,8.447058824,4.6,0,4
843426495,96,0,96,0,6,15.7,0,0,0,0,0,0,0,0,0,0,1,7.97,0,0,0,0,0,0,0,0,0,0,1,5.99,0,0,0,0,0,0,0,0,0,0,0,0,2,17.98,0,0,2.616666667,0,0,0,0,0,7.97,0,0,0,0,0,5.99,0,0,0,0,0,0,8.99,0,4
843464504,96,0,96,0,3,6.87,2,12.58,0,0,0,0,1,6.99,0,0,1,2.39,0,0,1,4.49,0,0,0,0,0,0,0,0,0,0,0,0,0,0,0,0,0,0,0,0,0,0,1,1.99,2.29,6.29,0,0,6.99,0,2.39,0,4.49,0,0,0,0,0,0,0,0,0,0,0,1.99,4
843517061,96,0,96,0,0,0,7,38.33,0,0,0,0,0,0,0,0,4,43.17,0,0,0,0,0,0,0,0,0,0,0,0,0.5,3.4,0,0,0,0,0.083,2.17,0,0,0,0,0,0,0,0,0,5.475714286,0,0,0,0,10.7925,0,0,0,0,0,0,6.8,0,0,0,26.14457831,0,0,0,4
843558438,96,0,96,0,13,115.73,2,0.98,0,0,15,47.8,14.223,63.71,9,39.15,82.187,309.19,0,0,0,0,0,0,0,0,1,2.99,0,0,0,0,3.194,17.11,0.194,1.16,0,0,1,0.6,1.125,6.12,0,0,0,0,8.902307692,0.49,0,3.186666667,4.47936441,4.35,3.762030491,0,0,0,0,2.99,0,0,5.356919224,5.44,5.979381443,0,0.6,0,0,4
843599036,96,0,96,0,0,0,0,0,0,0,0,0,0,0,2,7.5,1,2.99,0,0,0,0,0,0,0,0,0,0,0,0,0,0,0,0,0,0,0,0,0,0,0,0,0,0,0,0,0,0,0,0,0,3.75,2.99,0,0,0,0,0,0,0,0,0,0,0,0,0,0,4
843634791,96,0,96,0,6,13.12,13,15.23,0,0,6,17.44,3.5,12.95,4,7.71,5.375,14.19,2,14.48,10,18.15,0,0,10,41.68,0,0,7,13.23,2,28.89,3,14.98,0,0,0,0,1,4.79,0,0,0,0,10,6.9,2.186666667,1.171538462,0,2.906666667,3.7,1.9275,2.64,7.24,1.815,0,4.168,0,1.89,14.445,4.993333333,0,0,0,4.79,0,0.69,4
843699919,96,0,96,0,2,2.19,0,8.88E-16,0,0,0,0,1.999,7.06,0,0,6.806,18.98,0,0,0,0,9,17.59,0,0,2,2.08,0,0,0.583,3.54,0,0,0.333,0.85,0,0,0,0,0.417,0.31,0,0,0,0,1.095,0,0,0,3.531765883,0,2.788715839,0,0,1.954444444,0,1.04,0,6.072041166,0,0.743405276,2.552552553,0,0,0,0,4
843887183,96,0,96,0,3,9.32,0,0,0,0,0,0,0,0,5,6.6,3,9.06,1,3.39,1,5.59,0,0,0,0,0,0,0,0,0,0,0,0,0,0,0,0,0,0,0.5,4.88,0,0,4,4.2,3.106666667,0,0,0,0,1.32,3.02,3.39,5.59,0,0,0,0,0,0,9.76,0,0,0,0,1.05,4
863836839,96,0,96,0,5,27.46,0,0,0,0,0,0,0,0,10,26.58,11,53.78,0,0,0,0,3,10.77,2,5.48,0,0,0,0,0,0,0,0,0,0,0,0,0,0,71.417,88.3,0,0,0,0,5.492,0,0,0,0,2.658,4.889090909,0,0,3.59,2.74,0,0,0,0,1.236400297,0,0,0,0,0,4
863847844,96,0,96,0,4,4.62,0,0,0,0,0,0,0,0,0,0,0,0,0,0,0,0,0,0,0,0,0,0,0,0,0,0,0,0,0,0,0,0,0,0,0.125,1.14,0,0,0,0,1.155,0,0,0,0,0,0,0,0,0,0,0,0,0,0,9.12,0,0,0,0,0,4
863859468,87,0,87,0,3,22.17,0,0,0,0,0,0,0,0,0,0,2,60,0,0,0,0,0,0,0,0,0,0,0,0,0,0,0,0,0,0,0,0,0,0,0,0,0,0,0,0,7.39,0,0,0,0,0,30,0,0,0,0,0,0,0,0,0,0,0,0,0,0,4
863902193,96,0,96,0,19,61.72,2,0.4,2,29.98,3,7.93,87.416,361.12,10,12.21,40.611,114.42,4,13.04,0,0,0,0,9,23.2,0,0,3,7.6,42.015,99.49,3.625,15.17,8.472,36.06,0,0,4,41.64,1.5,5.1,12,142.02,1,13.49,3.248421053,0.2,14.99,2.643333333,4.131051524,1.221,2.817463249,3.26,0,0,2.577777778,0,2.533333333,2.367963822,4.184827586,3.4,4.256373938,0,10.41,11.835,13.49,4
863952933,96,0,96,0,17,50.57,0,0,0,0,0,0,0,0,4,4.77,6,45.94,0,0,0,0,0,0,0,0,0,0,0,0,13.25,95.29,0,0,0,0,0,0,0,0,2,11.34,0,0,0,0,2.974705882,0,0,0,0,1.1925,7.656666667,0,0,0,0,0,0,7.191698113,0,5.67,0,0,0,0,0,4
864063789,94,0,94,0,27,86.4,0,0,0,0,0,0,38.861,163.01,1,1.13,66.61,365.06,0,0,0,0,0,0,0,0,0,0,0,0,6.32,11.52,22.056,95.1,48.077,186.17,0,0,0,0,0,0,0,0,4,3.88,3.2,0,0,0,4.194693909,1.13,5.480558475,0,0,0,0,0,0,1.82278481,4.311751904,0,3.872329804,0,0,0,0.97,4
864112792,92,0,92,0,0,0,0,0,0,0,0,0,0,0,1,1.51,2,15.98,0,0,2,7.1,0,0,0,0,0,0,0,0,3.5,27.98,0,0,0,0,0,0,0,0,0,0,0,0,1,4.99,0,0,0,0,0,1.51,7.99,0,3.55,0,0,0,0,7.994285714,0,0,0,0,0,0,4.99,4
864218698,95,0,95,0,3,7.09,0,0,0,0,0,0,0,0,11,13.97,5,59.95,1,2.24,0,0,3,4.47,0,0,0,0,0,0,0,0,0,0,0,0,0,0,0,0,0,0,0,0,0,0,2.363333333,0,0,0,0,1.27,11.99,2.24,0,1.49,0,0,0,0,0,0,0,0,0,0,0,4
864221791,95,0,95,0,36,110.47,4,1.72,0,0,57,165.12,28.111,83.47,4,5.64,41.404,141.51,0,0,0,0,10,22.16,6,36.12,0,0,0,0,12.347,93.87,2.25,10.67,8.128,31.56,10.709,65.86,0,0,0.666,7.69,1,8.99,64,41.2,3.068611111,0.43,0,2.896842105,2.969300274,1.41,3.417785721,0,0,2.216,6.02,0,0,7.602656516,4.742222222,11.54654655,3.882874016,6.149967317,0,8.99,0.64375,4
864262456,95,0,95,0,0,0,0,0,0,0,1,1.79,0,0,0,0,0,0,0,0,0,0,0,0,0,0,0,0,2,3.48,0,0,0,0,0,0,0,0,0,0,0,0,0,0,0,0,0,0,0,1.79,0,0,0,0,0,0,0,0,1.74,0,0,0,0,0,0,0,0,4
864272018,95,0,95,0,1,4.25,6,11.57,0,0,1,5.99,0,0,0,0,0,0,0,0,0,0,4,6.81,0,0,0,0,0,0,0,0,0,0,0,0,0,0,0,0,3,4.47,0,0,0,0,4.25,1.928333333,0,5.99,0,0,0,0,0,1.7025,0,0,0,0,0,1.49,0,0,0,0,0,4
865590947,87,8,150,55,108,319.6,5,8.04,0,0,29,69.83,89.869,403.33,38,49.2,57.777,228.62,0,0,21,38.27,28,57.07,0,0,3,10.88,2,3.58,37.125,184.9,14.459,47.48,6.5,33.73,34.499,204.56,8,58.92,8.334,20.86,5.028,148.84,7,17.44,2.959259259,1.608,0,2.407931035,4.487976944,1.294736842,3.956937882,0,1.822380952,2.038214286,0,3.626666667,1.79,4.980471381,3.283767895,2.50299976,5.189230769,5.92944723,7.365,29.60222753,2.491428571,4
866392152,96,0,146,50,14,28.07,46,62.9,0,0,65,162.11,30,29.2,16,19.88,10.184,9.88,18,84.77,2,4.18,0,0,21,29.65,0,0,0,0,7.473,30.08,0.5,1.12,0,0,0,0,0,0,6.667,24.22,0,0,25,34.24,2.005,1.367391304,0,2.494,0.973333333,1.2425,0.970149254,4.709444444,2.09,0,1.411904762,0,0,4.025157233,2.24,3.632818359,0,0,0,0,1.3696,4
867911323,95,0,111,16,0,0,0,0,0,0,0,0,0,0,0,0,0,0,0,0,0,0,0,0,0,0,0,0,0,0,0,0,5.667,28.3,0,0,0,0,0,0,0,0,0,0,0,0,0,0,0,0,0,0,0,0,0,0,0,0,0,0,4.993823893,0,0,0,0,0,0,4
868147232,95,0,125,30,0,0,10,13.46,0,0,0,0,0,0,5,3.73,5,25.45,5,36.11,0,0,0,0,0,0,0,0,4,10.47,0,0,0,0,0,0,0,0,0,0,0,0,0,0,1,3.49,0,1.346,0,0,0,0.746,5.09,7.222,0,0,0,0,2.6175,0,0,0,0,0,0,0,3.49,4
868245853,86,446,578,46,9,116.67,0,0,0,0,0,0,18.139,52.17,2,2,14,35.21,0,0,0,0,1,1.29,3,7.97,4,3.96,2,3.78,0,0,1.5,5.24,22.153,61.44,0.417,0.73,0,0,0,0,3,21.57,3,2.29,12.96333333,0,0,0,2.87612327,1,2.515,0,0,1.29,2.656666667,0.99,1.89,0,3.493333333,0,2.773439263,1.75059952,0,7.19,0.763333333,4
868346016,86,0,91,5,1,6.49,0,0,0,0,0,0,0,0,1,3.49,0,0,0,0,0,0,0,0,0,0,0,0,0,0,0,0,0,0,0,0,0,0,0,0,0,0,0,0,0,0,6.49,0,0,0,0,3.49,0,0,0,0,0,0,0,0,0,0,0,0,0,0,0,4
870534658,86,456,583,41,9,39.36,0,0,0,0,0,0,53.805,303.31,7,3.5,35,184.57,0,0,0,0,1,1.99,0,0,5,25.05,0,0,0,0,0,0,70.735,222.95,0,0,0,0,0,0,6,64.14,0,0,4.373333333,0,0,0,5.637208438,0.5,5.273428571,0,0,1.99,0,5.01,0,0,0,0,3.151904998,0,0,10.69,0,4
879499226,88,0,118,30,8,90.43,1,2.99,0,0,0,0,2,11.49,0,0,2.722,9.82,0,0,0,0,0,0,0,0,0,0,0,0,1.375,8.52,0,0,0,0,0,0,0,0,0,0,0,0,0,0,11.30375,2.99,0,0,5.745,0,3.60764144,0,0,0,0,0,0,6.196363636,0,0,0,0,0,0,0,4
881710271,95,0,95,0,12,38.31,5,16.81,0,0,0,0,9.833,35.23,0,0,23.417,152.16,0,0,0,0,4,15.96,0,0,0,0,0,0,0.75,5.7,18,61.55,1,6.49,0,0,0,0,0,0,0,0,0,0,3.1925,3.362,0,0,3.582833316,0,6.497843447,0,0,3.99,0,0,0,7.6,3.419444444,0,6.49,0,0,0,0,4
881846869,95,0,95,0,10,17.08,0,0,2,6.1,0,0,1,2.39,2,2.71,9,48.71,0,0,4,14.66,0,0,22,88.16,5,7.45,0,0,0,0,0,0,0,0,4,20.96,1,10.38,0,0,0,0,2,8.07,1.708,0,3.05,0,2.39,1.355,5.412222222,0,3.665,0,4.007272727,1.49,0,0,0,0,0,5.24,10.38,0,4.035,4
881967251,89,0,89,0,3,24.17,0,0,0,0,0,0,0,0,21,21.89,53,194.9,1,9.99,0,0,0,0,0,0,13,42.37,0,0,0,0,0,0,0,0,13,215.27,0,0,0,0,0,0,2,18.98,8.056666667,0,0,0,0,1.042380952,3.677358491,9.99,0,0,0,3.259230769,0,0,0,0,0,16.55923077,0,0,9.49,4
881974646,95,0,95,0,2,3.29,0,0,0,0,0,0,0,0,1,4.97,1,5.99,0,0,0,0,0,0,0,0,0,0,0,0,0.5,3.74,0,0,0,0,0,0,0,0,1,15,0,0,0,0,1.645,0,0,0,0,4.97,5.99,0,0,0,0,0,0,7.48,0,15,0,0,0,0,0,4
882163371,95,0,95,0,0,0,0,0,0,0,0,0,0,0,1,1.29,1,3.19,0,0,0,0,0,0,3,8.67,0,0,0,0,0,0,0,0,0,0,0,0,0,0,0,0,0,0,1,6.99,0,0,0,0,0,1.29,3.19,0,0,0,2.89,0,0,0,0,0,0,0,0,0,6.99,4
882295165,94,0,94,0,0,0,0,0,0,0,0,0,0,0,0,0,3,5.47,0,0,0,0,1,2.49,0,0,0,0,0,0,0,0,0,0,0,0,0,0,0,0,0,0,0,0,0,0,0,0,0,0,0,0,1.823333333,0,0,2.49,0,0,0,0,0,0,0,0,0,0,0,4
882391956,95,0,95,0,4,9.02,0,0,0,0,0,0,0.625,4.37,2,3.49,2,7.78,0,0,0,0,0,0,0,0,0,0,0,0,1,5.99,0,0,5.25,26.92,0.5,8.75,0,0,0,0,0,0,0,0,2.255,0,0,0,6.992,1.745,3.89,0,0,0,0,0,0,5.99,0,0,5.127619048,17.5,0,0,0,4
882447196,87,0,87,0,4,67.96,0,0,0,0,0,0,23.875,151.66,7,8.79,9.875,45.87,0,0,0,0,4,18.98,0,0,0,0,10,30.7,0,0,0,0,0.639,1.91,0,0,9,17.19,0,0,0,0,0,0,16.99,0,0,0,6.352251309,1.255714286,4.645063291,0,0,4.745,0,0,3.07,0,0,0,2.989045383,0,1.91,0,0,4
882694912,95,0,95,0,2,6.58,0,0,0,0,0,0,0.5,3.5,0,0,0,0,0,0,0,0,3,10.47,0,0,0,0,0,0,0,0,0,0,1,5.25,0,0,0,0,0,0,0,0,0,0,3.29,0,0,0,7,0,0,0,0,3.49,0,0,0,0,0,0,5.25,0,0,0,0,4
882875818,95,0,95,0,0,0,0,0,0,0,0,0,0,0,2,3.58,14,31.84,1,1.99,0,0,3,4.77,2,2.23,0,0,0,0,0,0,0,0,0,0,0,0,0,0,0,0,0,0,8,19.45,0,0,0,0,0,1.79,2.274285714,1.99,0,1.59,1.115,0,0,0,0,0,0,0,0,0,2.43125,4
882899271,95,0,95,0,5,16.21,1,2.49,0,0,0,0,1.194,8.54,1,1.79,4.5,34.7,0,0,0,0,1,2.49,2,2.13,0,0,0,0,0,0,1,7.79,5.5,19.21,0,0,0,0,0,0,0,0,0,0,3.242,2.49,0,0,7.152428811,1.79,7.711111111,0,0,2.49,1.065,0,0,0,7.79,0,3.492727273,0,0,0,0,4
886507722,94,0,141,47,1,2.99,2,3.79,0,0,1,1.99,27.514,45.85,1,0.73,10,24.57,3,3.8,1,2.39,1,2.99,23,57.26,0,0,2,1.98,7,20.46,0,0,0,0,0,0,1,14.99,0,0,3,16.77,26,37.69,2.99,1.895,0,1.99,1.666424366,0.73,2.457,1.266666667,2.39,2.99,2.489565217,0,0.99,2.922857143,0,0,0,0,14.99,5.59,1.449615385,4
887808517,87,438,532,7,0,0,0,0,0,0,9,22.46,0,0,5,4,8,20.43,0,0,0,0,2,1.94,0,0,0,0,0,0,0,0,4,17.96,0,0,0,0,0,0,0,0,0,0,0,0,0,0,0,2.495555556,0,0.8,2.55375,0,0,0.97,0,0,0,0,4.49,0,0,0,0,0,0,4
889725743,86,446,576,44,4,16.07,5,18.47,0,0,10,20.43,2.222,8.22,23,38.19,36,79.69,21,32.43,1,2.54,16,17.9,1,4.22,15,12.27,29,66.33,0,0,17.056,84.79,0,0,0,0,1,6.78,0,0,10,30.75,1,3.49,4.0175,3.694,0,2.043,3.699369937,1.660434783,2.213611111,1.544285714,2.54,1.11875,4.22,0.818,2.287241379,0,4.971271107,0,0,0,6.78,3.075,3.49,4
891967788,95,429,562,38,43,151.59,0,0,0,0,0,0,31.723,84.32,8,5.88,11,67.33,4,35.06,0,0,0,0,0,0,0,0,0,0,17.166,69.34,9.555,33.19,68.683,131.08,6.5,116.96,2,2,0,0,1,4.49,39,12.51,3.525348837,0,0,0,2.658008385,0.735,6.120909091,8.765,0,0,0,0,0,4.03938017,3.473574045,0,1.908478081,17.99384615,1,4.49,0.320769231,4
895119444,69,0,113,44,5,10.12,1,2.37,0,0,12,59.76,7.278,34.12,8,12.64,27,131.15,6,14.67,2,8.37,4,5.42,9,25.46,20,42.33,1,3.39,6,30.56,0,0,27.167,70.25,4,34,0,0,0,0,0,0,2,10.55,2.024,2.37,0,4.98,4.688101127,1.58,4.857407407,2.445,4.185,1.355,2.828888889,2.1165,3.39,5.093333333,0,0,2.585857842,8.5,0,0,5.275,4
895231637,95,266,382,21,4,2.56,0,0,1,4.19,0,0,0,0,0,0,2,0.86,2,2.38,0,0,0,0,0,0,4,5.05,2,9.48,0,0,0,0,0,0,0,0,0,0,0,0,0,0,0,0,0.64,0,4.19,0,0,0,0.43,1.19,0,0,0,1.2625,4.74,0,0,0,0,0,0,0,0,4
903175909,58,303,361,0,1,27.49,0,0,0,0,0,0,14.375,72.18,0,0,0,0,0,0,0,0,0,0,0,0,0,0,0,0,1,5.84,0,0,0,0,0,0,0,0,0,0,0,0,1,4.79,27.49,0,0,0,5.021217391,0,0,0,0,0,0,0,0,5.84,0,0,0,0,0,0,4.79,4
903614113,86,435,543,22,0,0,10,16.04,0,0,0,0,2.306,8.3,3,3,17.5,71.04,5,8.35,0,0,5,12.3,4,14.97,0,0,19,49.28,0,0,0,0,0,0,0,0,0,0,0,0,0,0,5,8.85,0,1.604,0,0,3.599306158,1,4.059428571,1.67,0,2.46,3.7425,0,2.593684211,0,0,0,0,0,0,0,1.77,4
907184030,76,429,515,10,1,1.64,0,0,0,0,0,0,0,0,0,0,55.75,32.06,0,0,0,0,4,7.46,18,73.94,0,0,0,0,0,0,17,71.47,0,0,0,0,1,5.86,3.5,13.21,0,0,0,0,1.64,0,0,0,0,0,0.575067265,0,0,1.865,4.107777778,0,0,0,4.204117647,3.774285714,0,0,5.86,0,0,4
912240991,95,0,141,46,6,34.64,18,24.24,0,0,5,8.39,2,11.48,13,28.14,23,211.1,0,0,6,15.54,5,13.05,7,35.98,2,3.48,13,44.23,0,0,0,0,0,0,1,19.99,2,10.99,0,0,0,0,6,35.39,5.773333333,1.346666667,0,1.678,5.74,2.164615385,9.17826087,0,2.59,2.61,5.14,1.74,3.402307692,0,0,0,0,19.99,5.495,0,5.898333333,4
914457536,87,0,125,38,3,11.57,0,0,0,0,0,0,18,62.83,2,5.49,2,11.99,0,0,0,0,0,0,0,0,0,0,0,0,0,0,0,0,5,22.9,0,0,0,0,0,0,0,0,0,0,3.856666667,0,0,0,3.490555556,2.745,5.995,0,0,0,0,0,0,0,0,0,4.58,0,0,0,0,4
915058044,69,404,488,15,7,64.24,0,0,0,0,35,155.86,1,9.99,15,40.22,8,60.7,0,0,0,0,1,0.5,4,17.61,0,0,0,0,0,0,15.5,86.7,2,5.93,0,0,1,5.97,0,0,0,0,0,0,9.177142857,0,0,4.453142857,9.99,2.681333333,7.5875,0,0,0.5,4.4025,0,0,0,5.593548387,0,2.965,0,5.97,0,0,4
915317531,94,460,576,22,6,31.83,0,0,0,0,1,23.99,0,0,0,0,4,21.58,0,0,0,0,1,1.19,1,14.99,0,0,0,0,0,0,0,0,19,102.48,1,7.64,0,0,0,0,0,0,0,0,5.305,0,0,23.99,0,0,5.395,0,0,1.19,14.99,0,0,0,0,0,5.393684211,7.64,0,0,0,4
916327505,86,0,89,3,0,0,0,0,0,0,0,0,1.5,8.92,0,0,0,0,0,0,0,0,0,0,0,0,0,0,0,0,0,0,0,0,0,0,2,36.29,0,0,0,0,0,0,2,0.84,0,0,0,0,5.946666667,0,0,0,0,0,0,0,0,0,0,0,0,18.145,0,0,0.42,4
917076713,94,0,94,0,0,0,0,0,0,0,0,0,0,0,0,0,4,7.12,0,0,3,10.17,0,0,0,0,0,0,0,0,0,0,0,0,0,0,0,0,0,0,0,0,0,0,6,6.74,0,0,0,0,0,0,1.78,0,3.39,0,0,0,0,0,0,0,0,0,0,0,1.123333333,4
917679565,95,0,95,0,2,3.2,0,0,0,0,0,0,0,0,1,1,0,0,0,0,0,0,0,0,0,0,0,0,0,0,0,0,0,0,0,0,0,0,0,0,0,0,0,0,0,0,1.6,0,0,0,0,1,0,0,0,0,0,0,0,0,0,0,0,0,0,0,0,4
920335650,94,0,94,0,3,12.55,0,0,0,0,0,0,0,0,0,0,0,0,0,0,0,0,0,0,1,0.69,0,0,0,0,0,0,0,0,0,0,0,0,0,0,0,0,0,0,0,0,4.183333333,0,0,0,0,0,0,0,0,0,0.69,0,0,0,0,0,0,0,0,0,0,4
921271961,95,0,95,0,1,2.99,0,0,0,0,0,0,2.306,9.2,0,0,0,0,0,0,0,0,0,0,0,0,0,0,0,0,3.028,18.66,0,0,0,0,0,0,0,0,0,0,0,0,0,0,2.99,0,0,0,3.989592368,0,0,0,0,0,0,0,0,6.162483488,0,0,0,0,0,0,0,4
921275368,95,0,95,0,0,0,0,0,0,0,2,5.14,0,0,3,10.97,4,8.96,0,0,2,2.32,1,0.43,1,1.99,0,0,0,0,0,0,0,0,0,0,0,0,0,0,0,0,0,0,2,3.73,0,0,0,2.57,0,3.656666667,2.24,0,1.16,0.43,1.99,0,0,0,0,0,0,0,0,0,1.865,4
921304473,95,0,95,0,4,13.76,0,0,0,0,0,0,0,0,0,0,9.945,35.86,0,0,0,0,0,0,0,0,0,0,0,0,0.625,4.37,0,0,0,0,0,0,0,0,0,0,0,0,0,0,3.44,0,0,0,0,0,3.605832076,0,0,0,0,0,0,6.992,0,0,0,0,0,0,0,4
921317806,95,0,95,0,1,9.34,0,0,0,0,2,14.48,1,1.69,3,3.4,0,0,0,0,0,0,1,2.97,0,0,0,0,5,18.65,0,0,0,0,0,0,0,0,0,0,0,0,0,0,1,1.74,9.34,0,0,7.24,1.69,1.133333333,0,0,0,2.97,0,0,3.73,0,0,0,0,0,0,0,1.74,4
921687372,95,0,95,0,1,4.19,0,0,0,0,0,0,0,0,1,0.84,8,41.73,0,0,35,85.91,2,5,0,0,0,0,0,0,0,0,0,0,0,0,0,0,0,0,0,0,0,0,10,19.75,4.19,0,0,0,0,0.84,5.21625,0,2.454571429,2.5,0,0,0,0,0,0,0,0,0,0,1.975,4
925631400,94,394,488,0,3,5.23,2,2.61,0,0,1,2.61,9.499,26.2,0,0,11.999,42.93,1,1.79,0,0,2,4.28,24,56.59,7,9.87,3,6.34,0,0,0,0,0,0,0,0,0,0,0,0,1,4.49,1,1.99,1.743333333,1.305,0,2.61,2.758185072,0,3.57779815,1.79,0,2.14,2.357916667,1.41,2.113333333,0,0,0,0,0,0,4.49,1.99,4
926287749,94,423,534,17,0,0,2,4.15,0,0,0,0,0,0,0,0,2,10.6,0,0,0,0,0,0,3,15.56,0,0,0,0,0,0,0,0,0,0,0,0,0,0,0,0,2,14.38,1,0.59,0,2.075,0,0,0,0,5.3,0,0,0,5.186666667,0,0,0,0,0,0,0,0,7.19,0.59,4
927568402,95,0,106,11,7,141.43,0,0,0,0,0,0,0,0,0,0,0,0,0,0,0,0,0,0,0,0,0,0,0,0,1.167,7.57,0,0,0,0,7.944,38.61,0,0,0,0,0,0,0,0,20.20428571,0,0,0,0,0,0,0,0,0,0,0,0,6.486718081,0,0,0,4.860271903,0,0,0,4
928335843,94,0,94,0,0,0,0,0,0,0,7,24.01,0,0,2,6.58,9,36.83,0,0,0,0,4,14.46,0,0,0,0,0,0,0,0,0,0,0,0,0,0,0,0,0,0,0,0,0,0,0,0,0,3.43,0,3.29,4.092222222,0,0,3.615,0,0,0,0,0,0,0,0,0,0,0,4
928566652,95,0,95,0,1,24.99,0,0,0,0,100,112.58,12.5,27.95,10,30.11,11,47.44,0,0,0,0,0,0,0,0,1,8.39,1,4.24,0,0,0,0,0,0,0,0,0,0,0,0,0,0,0,0,24.99,0,0,1.1258,2.236,3.011,4.312727273,0,0,0,0,8.39,4.24,0,0,0,0,0,0,0,0,4
928866649,85,0,85,0,0,0,0,0,0,0,0,0,0,0,0,0,2,14.98,0,0,0,0,0,0,0,0,0,0,0,0,0,0,0,0,0,0,0,0,0,0,0,0,0,0,0,0,0,0,0,0,0,0,7.49,0,0,0,0,0,0,0,0,0,0,0,0,0,0,4
929425791,94,0,94,0,43,97.85,5,10.24,0,0,0,0,0,0,7,11.67,17,46.33,5,9.7,6,16.58,1,2.69,1,7.53,0,0,0,0,0,0,0,0,0,0,0,0,0,0,0,0,0,0,5,9.95,2.275581395,2.048,0,0,0,1.667142857,2.725294118,1.94,2.763333333,2.69,7.53,0,0,0,0,0,0,0,0,0,1.99,4
930546247,95,433,578,50,46,60.36,7,1.14,0,0,264,817,0,0,8,13.57,5,16.95,4,6.84,13,34.12,3,5.91,2,6.4,13,26.73,0,0,0,0,0,0,0,0,2.5,18.73,1,1,0,0,0,0,7,18.27,1.312173913,0.162857143,0,3.09469697,0,1.69625,3.39,1.71,2.624615385,1.97,3.2,2.056153846,0,0,0,0,0,7.492,1,0,2.61,4
931155402,94,366,488,28,0,0,3,5.97,0,0,0,0,0,0,5,5,5,11.06,0,0,3,7.17,15,16.85,0,0,2,8.18,0,0,0,0,0,0,0,0,0,0,0,0,0,0,0,0,1,2.99,0,1.99,0,0,0,1,2.212,0,2.39,1.123333333,0,4.09,0,0,0,0,0,0,0,0,2.99,4
931700991,94,378,505,33,0,0,0,0,0,0,0,0,0,0,0,0,3,13.27,0,0,0,0,2,2.91,0,0,0,0,9,16,0,0,0,0,0,0,0,0,0,0,0,0,0,0,0,0,0,0,0,0,0,0,4.423333333,0,0,1.455,0,0,1.777777778,0,0,0,0,0,0,0,0,4
933022295,94,0,94,0,1,2.95,0,0,0,0,0,0,0,0,0,0,0,0,0,0,0,0,0,0,0,0,0,0,0,0,47,91.61,0,0,0,0,0,0,0,0,0,0,0,0,0,0,2.95,0,0,0,0,0,0,0,0,0,0,0,0,1.949148936,0,0,0,0,0,0,0,4
933210353,94,0,94,0,2,5.68,4,1,0,0,0,0,0,0,5,5,1,4.99,0,0,66,162.57,4,3.66,1,2.49,0,0,2,2.98,0,0,0,0,0,0,0,0,0,0,0,0,0,0,2,6.48,2.84,0.25,0,0,0,1,4.99,0,2.463181818,0.915,2.49,0,1.49,0,0,0,0,0,0,0,3.24,4
933570392,94,0,94,0,3,15.27,0,0,0,0,0,0,24,58.06,1,1,0,0,1,1.19,0,0,0,0,0,0,0,0,0,0,0,0,0,0,0,0,0,0,0,0,0,0,2,23.98,0,0,5.09,0,0,0,2.419166667,1,0,1.19,0,0,0,0,0,0,0,0,0,0,0,11.99,0,4
936852995,94,448,570,28,20,76.34,1,11.89,0,0,1,2.39,14.333,44.93,6,9.6,13.251,77.4,15,36.7,0,0,0,0,0,0,0,0,0,0,0,0,1,7.99,12,35.94,0,0,1,0.75,0,0,1,9.99,5,15.71,3.817,11.89,0,2.39,3.134724063,1.6,5.841068599,2.446666667,0,0,0,0,0,0,7.99,0,2.995,0,0.75,9.99,3.142,4
937644433,94,456,588,38,0,0,0,0,0,0,63,145.16,6,13.86,1,3.49,1.583,7.2,6,23.74,0,0,0,0,0,0,0,0,0,0,0,0,0,0,0,0,0,0,0,0,0,0,3,33.09,0,0,0,0,0,2.304126984,2.31,3.49,4.548325963,3.956666667,0,0,0,0,0,0,0,0,0,0,0,11.03,0,4
938102209,95,426,558,37,122,424.16,0,0,0,0,17,66.69,53.333,236.49,18,23.4,14,46.68,5,3.45,1,7.49,0,0,1,6.37,0,0,0,0,38.112,204.26,13.722,103.12,5,16.78,24.5,256.68,1,14.99,0,0,2.806,64.34,30,19.5,3.476721312,0,0,3.922941177,4.434215214,1.3,3.334285714,0.69,7.49,0,6.37,0,0,5.359466835,7.514939513,0,3.356,10.47673469,14.99,22.92943692,0.65,4
942905738,95,0,133,38,0,0,2,1,0,0,9,66.91,1.776,13.85,1,1.49,13,114.14,0,0,0,0,0,0,13,27.15,0,0,0,0,0,0,0,0,0,0,0,0,0,0,0,0,0,0,2,8.98,0,0.5,0,7.434444444,7.798423423,1.49,8.78,0,0,0,2.088461539,0,0,0,0,0,0,0,0,0,4.49,4
943173948,78,447,525,0,28,295.23,76,205.61,1,3.97,1,3.59,1.5,7.49,5,12.8,78.666,178.35,2,2.99,16,31.46,3,0.7,0,0,0,0,0,0,26.417,87.38,0,0,3.75,11.37,6.972,26.08,0,0,59.917,135.92,0,0,2,2.46,10.54392857,2.705394737,3.97,3.59,4.993333333,2.56,2.26718023,1.495,1.96625,0.233333333,0,0,0,3.307718515,0,2.268471385,3.032,3.740676994,0,0,1.23,4
943195909,86,332,418,0,7,32.03,0,0,0,0,1,6.37,0,0,0,0,0,0,0,0,0,0,0,0,0,0,0,0,1,3.59,0,0,0,0,6.667,39.94,8.889,22.7,0,0,0,0,1,4.99,0,0,4.575714286,0,0,6.37,0,0,0,0,0,0,0,0,3.59,0,0,0,5.990700465,2.553718079,0,4.99,0,4
943910919,94,0,94,0,2,7.85,15,2.95,0,0,0,0,0,0,10,7.01,15.75,34.62,0,0,0,0,3,4.31,0,0,4,8.48,6,13.44,2.5,9.92,3.083,10.14,0,0,0,0,5,3.5,0.5,1.9,0,0,1,4.19,3.925,0.196666667,0,0,0,0.701,2.198095238,0,0,1.436666667,0,2.12,2.24,3.968,3.289004217,3.8,0,0,0.7,0,4.19,4
944641836,85,0,85,0,0,0,0,0,1,12.99,4,16.84,6,22.7,0,0,2,17.24,0,0,0,0,0,0,0,0,0,0,0,0,0,0,0,0,0,0,0,0,0,0,0,0,0,0,0,0,0,0,12.99,4.21,3.783333333,0,8.62,0,0,0,0,0,0,0,0,0,0,0,0,0,0,4
944868454,79,0,79,0,0,0,0,0,0,0,0,0,0,0,0,0,0,0,0,0,0,0,0,0,0,0,0,0,0,0,0,0,0,0,0.389,2.27,0,0,0,0,0,0,0,0,1,1.87,0,0,0,0,0,0,0,0,0,0,0,0,0,0,0,0,5.835475578,0,0,0,1.87,4
945640852,92,0,92,0,0,0,0,0,0,0,1,5.59,0,0,3,10.77,21,103.82,0,0,0,0,0,0,2,15.98,7,13.37,1,4.99,0,0,0,0,0,0,0,0,1,9.07,0,0,1,5.39,0,0,0,0,0,5.59,0,3.59,4.943809524,0,0,0,7.99,1.91,4.99,0,0,0,0,0,9.07,5.39,0,4
946043031,89,0,89,0,1,3.85,1,8.99,2,20.98,0,0,0,0,0,0,1,14.99,0,0,0,0,0,0,5,32.45,0,0,0,0,0,0,1,4.94,0,0,0,0,0,0,0,0,0,0,1,4.99,3.85,8.99,10.49,0,0,0,14.99,0,0,0,6.49,0,0,0,4.94,0,0,0,0,0,4.99,4
946360930,88,0,88,0,9,32.65,0,0,0,0,0,0,8,13.36,0,0,9,21.71,0,0,0,0,0,0,0,0,0,0,0,0,3,17.1,0,0,0,0,0.5,5,0,0,0,0,0,0,0,0,3.627777778,0,0,0,1.67,0,2.412222222,0,0,0,0,0,0,5.7,0,0,0,10,0,0,0,4
946375896,88,0,88,0,5,8.77,0,0,0,0,0,0,0,0,0,0,10,8.41,0,0,0,0,1,2.24,0,0,0,0,0,0,0,0,0,0,0,0,0,0,0,0,1,6.99,0,0,0,0,1.754,0,0,0,0,0,0.841,0,0,2.24,0,0,0,0,0,6.99,0,0,0,0,0,4
946565496,87,0,87,0,4,5.58,0,0,0,0,0,0,0,0,4,3.6,0,0,0,0,0,0,0,0,0,0,2,49.98,0,0,0,0,0,0,2,18.19,6.056,110.48,0,0,0,0,12,115.52,0,0,1.395,0,0,0,0,0.9,0,0,0,0,0,24.99,0,0,0,0,9.095,18.24306473,0,9.626666667,0,4
946753654,87,0,87,0,0,0,0,0,0,0,0,0,0,0,0,0,1,8.99,0,0,0,0,0,0,0,0,0,0,0,0,0,0,0,0,0,0,0,0,0,0,0,0,0,0,0,0,0,0,0,0,0,0,8.99,0,0,0,0,0,0,0,0,0,0,0,0,0,0,4
946864824,85,0,85,0,0,0,0,0,0,0,0,0,3,7.47,0,0,4,87.97,0,0,0,0,0,0,2,6.48,6,20.44,0,0,0,0,0,0,0,0,0,0,0,0,1,12.49,0,0,4,8.76,0,0,0,0,2.49,0,21.9925,0,0,0,3.24,3.406666667,0,0,0,12.49,0,0,0,0,2.19,4
947599312,83,0,83,0,19,76.17,1,1.59,0,0,10,48.9,3.25,19.74,0,0,0,0,0,0,0,0,0,0,0,0,0,0,0,0,2.5,6.23,0,0,0,0,4,50.96,1,14.99,0,0,7.125,78.69,0,0,4.008947368,1.59,0,4.89,6.073846154,0,0,0,0,0,0,0,0,2.492,0,0,0,12.74,14.99,11.04421053,0,4
947634069,83,0,83,0,1,5.24,0,0,0,0,16,37.11,0,0,5,6.13,1,1.59,0,0,22,49.34,1,5.99,0,0,1,2.99,0,0,0,0,0,0,0,0,0,0,0,0,0,0,0,0,0,0,5.24,0,0,2.319375,0,1.226,1.59,0,2.242727273,5.99,0,2.99,0,0,0,0,0,0,0,0,0,4
948303540,80,0,80,0,0,0,1,0.86,0,0,0,0,2,10.5,1,0.99,18,47.15,0,0,0,0,0,0,2,12,0,0,0,0,0.5,0.75,1,4.87,0,0,1.25,17.62,0,0,9,14.87,2,11.68,0,0,0,0.86,0,0,5.25,0.99,2.619444444,0,0,0,6,0,0,1.5,4.87,1.652222222,0,14.096,0,5.84,0,4
948340914,80,0,80,0,29,113.35,0,0,0,0,0,0,0,0,2,2,2,3.09,0,0,0,0,4,2,0,0,0,0,0,0,23.25,151.88,12.278,77.53,0.875,6.82,0,0,0,0,7.972,56.81,0,0,0,0,3.90862069,0,0,0,0,1,1.545,0,0,0.5,0,0,0,6.532473118,6.314546343,7.126191671,7.794285714,0,0,0,0,4
948351671,71,0,71,0,4,10.56,0,0,0,0,0,0,5,22.16,0,0,0,0,0,0,4,11.98,0,0,0,0,0,0,0,0,0,0,0,0,0,0,13.5,74.71,0,0,0,0,3,44.61,0,0,2.64,0,0,0,4.432,0,0,0,2.995,0,0,0,0,0,0,0,0,5.534074074,0,14.87,0,4
948578414,73,0,73,0,1,1.32,0,0,0,0,0,0,0,0,0,0,0.861,6.45,0,0,0,0,0,0,0,0,0,0,0,0,0,0,0,0,0,0,0,0,0,0,0,0,0,0,0,0,1.32,0,0,0,0,0,7.491289199,0,0,0,0,0,0,0,0,0,0,0,0,0,0,4
948637715,78,0,78,0,0,0,0,0,0,0,0,0,0,0,2,1.95,2.5,29.68,1,7.99,0,0,1,1.79,0,0,0,0,0,0,0,0,1,14.99,0,0,0,0,0,0,0,0,0,0,3,11.67,0,0,0,0,0,0.975,11.872,7.99,0,1.79,0,0,0,0,14.99,0,0,0,0,0,3.89,4
948779970,74,0,74,0,1,11.99,0,0,0,0,0,0,0,0,0,0,10.75,109.52,0,0,0,0,0,0,0,0,0,0,0,0,0,0,7,38.2,0,0,0,0,0,0,0,0,0,0,0,0,11.99,0,0,0,0,0,10.18790698,0,0,0,0,0,0,0,5.457142857,0,0,0,0,0,0,4
948915616,78,0,78,0,7,24.13,0,0,0,0,0,0,6.25,18.95,1,2.49,19.917,62.3,0,0,0,0,0,0,0,0,0,0,0,0,8,53.33,0,0,1.889,15.87,0,0,3,3,0,0,0,0,0,0,3.447142857,0,0,0,3.032,2.49,3.127981122,0,0,0,0,0,0,6.66625,0,0,8.401270514,0,1,0,0,4
949384218,78,0,78,0,0,0,0,0,0,0,0,0,0,0,0,0,1.5,3.37,0,0,0,0,3,7.3,0,0,0,0,0,0,0,0,0,0,0,0,0,0,0,0,0,0,0,0,0,0,0,0,0,0,0,0,2.246666667,0,0,2.433333333,0,0,0,0,0,0,0,0,0,0,0,4
949409601,77,0,77,0,0,0,0,0,0,0,85,372.54,0,0,1,0.8,0,0,0,0,0,0,0,0,0,0,0,0,0,0,0,0,0,0,0,0,0,0,0,0,0,0,0,0,2,9.98,0,0,0,4.382823529,0,0.8,0,0,0,0,0,0,0,0,0,0,0,0,0,0,4.99,4
949635270,78,0,78,0,6.667,17.96,0,0,0,0,0,0,9.375,43.87,4,4,21,53.94,0,0,0,0,0,0,0,0,0,0,0,0,4.25,25,1.5,3.74,11.167,33.31,0,0,5,5,0,0,0,0,0,0,2.693865307,0,0,0,4.679466667,1,2.568571429,0,0,0,0,0,0,5.882352941,2.493333333,0,2.982896033,0,1,0,0,4
955100508,95,444,586,47,25,79.9,0,0,0,0,45,155.11,0,0,1,1.89,8,33.54,2,3.88,0,0,12,29.32,5,12.86,4,4.76,0,0,0,0,2.25,6.73,0,0,0,0,0,0,0,0,0,0,1,0.64,3.196,0,0,3.446888889,0,1.89,4.1925,1.94,0,2.443333333,2.572,1.19,0,0,2.991111111,0,0,0,0,0,0.64,4
955603857,93,387,514,34,34,71.36,4,14.94,0,0,0,0,25.417,80.4,8,47.19,21.389,92.46,4,17.56,0,0,3,6.47,0,0,0,0,0,0,1.25,12,1.375,5.03,0,0,3.5,31.48,1,6.49,4.583,6.68,0,0,19,15.78,2.098823529,3.735,0,0,3.163237203,5.89875,4.322782739,4.39,0,2.156666667,0,0,0,9.6,3.658181818,1.45756055,0,8.994285714,6.49,0,0.830526316,4
958569618,93,339,457,25,0,0,0,0,0,0,0,0,0,0,1,5.99,9,27.06,0,0,0,0,8,14.03,2,28.98,4,15.7,63,251.52,0,0,0,0,0,0,0,0,0,0,0,0,0,0,3,24.58,0,0,0,0,0,5.99,3.006666667,0,0,1.75375,14.49,3.925,3.992380952,0,0,0,0,0,0,0,8.193333333,4
959244138,91,1,111,19,0,0,0,0,0,0,0,0,0,0,1,0.75,3,8.98,0,0,0,0,0,0,0,0,0,0,0,0,0,0,0,0,0,0,0,0,0,0,0,0,0,0,0,0,0,0,0,0,0,0.75,2.993333333,0,0,0,0,0,0,0,0,0,0,0,0,0,0,4
959412164,92,195,321,34,0,0,9,4.81,0,0,0,0,0,0,0,0,6,17.85,1,2.39,0,0,21.111,15.44,3,4.47,3,1.32,8,15.8,0,0,0,0,0,0,0,0,0,0,0,0,0,0,0,0,0,0.534444444,0,0,0,0,2.975,2.39,0,0.73137227,1.49,0.44,1.975,0,0,0,0,0,0,0,0,4
959990888,90,140,273,43,3,9.65,23,53.64,0,0,0,0,5.945,17.17,1,0.43,35.667,164.53,0,0,2,3.14,2,2.98,28,107.11,0,0,1,2.12,0.972,4.37,0,0,0,0,9,123.32,0,0,0.556,1.66,0,0,5,12.03,3.216666667,2.332173913,0,0,2.888141295,0.43,4.612947543,0,1.57,1.49,3.825357143,0,2.12,4.495884774,0,2.985611511,0,13.70222222,0,0,2.406,4
960243848,90,467,577,20,2,7.99,0,0,0,0,0,0,2,13.58,1,1.03,0,0,0,0,0,0,0,0,0,0,0,0,0,0,0,0,0.861,10.33,6,50.17,0,0,0,0,4,18.33,0,0,0,0,3.995,0,0,0,6.79,1.03,0,0,0,0,0,0,0,0,11.99767712,4.5825,8.361666667,0,0,0,0,4
960799096,94,0,110,16,0,0,0,0,0,0,0,0,0,0,1,9.99,31,156.85,0,0,0,0,1,2.52,0,0,3,2.27,1,2.52,0,0,0,0,0,0,0,0,0,0,0,0,0,0,1,4.19,0,0,0,0,0,9.99,5.059677419,0,0,2.52,0,0.756666667,2.52,0,0,0,0,0,0,0,4.19,4
962765921,88,437,551,26,1,0.75,0,0,0,0,0,0,0,0,2,1.68,11,33.4,0,0,7,18.43,1,2.99,1,1.99,15,20.82,0,0,1.722,9.52,4,17.21,0,0,4.056,24.86,1,0.75,2,10.5,1,2.99,0,0,0.75,0,0,0,0,0.84,3.036363636,0,2.632857143,2.99,1.99,1.388,0,5.528455285,4.3025,5.25,0,6.129191322,0.75,2.99,0,4
967055781,95,0,119,24,1,2.29,0,0,0,0,0,0,8,42.77,0,0,0,0,3,0.76,0,0,3,1.94,0,0,0,0,1,2.12,6.875,37.93,0,0,0,0,0,0,0,0,2,11.68,0,0,0,0,2.29,0,0,0,5.34625,0,0,0.253333333,0,0.646666667,0,0,2.12,5.517090909,0,5.84,0,0,0,0,0,4
967693722,95,437,553,21,9,17.7,0,0,0,0,7,12.84,4.431,27.08,11,15.35,13,103.25,18,41.2,0,0,3,4.35,2,11.98,0,0,4,7.61,2.375,4.56,2,15.12,1.333,3.38,0,0,0,0,1.333,7.39,2,7.78,8,2.23,1.966666667,0,0,1.834285714,6.111487249,1.395454546,7.942307692,2.288888889,0,1.45,5.99,0,1.9025,1.92,7.56,5.543885972,2.535633909,0,0,3.89,0.27875,4
984759829,83,76,178,19,1,0.99,0,0,0,0,0,0,0,0,2,1,2,2,4,4.18,0,0,0,0,0,0,1,2.09,0,0,0,0,0,0,0,0,3,21.59,0,0,0,0,1.806,10.82,1,4.99,0.99,0,0,0,0,0.5,1,1.045,0,0,0,2.09,0,0,0,0,0,7.196666667,0,5.991140642,4.99,4
985440452,74,274,384,36,102,286.3,13,28.19,1,11.24,26,33.85,28.875,110.3,18,41.08,66.361,271.77,3,4.47,4,6.23,1,2.99,17,34.61,0,0,3,4.77,61.611,357.54,1.556,6.46,0.875,6.57,20,151.65,0,0,37.111,175.78,5,32.45,11,56.4,2.806862745,2.168461539,11.24,1.301923077,3.81991342,2.282222222,4.095327075,1.49,1.5575,2.99,2.035882353,0,1.59,5.803184496,4.151670951,4.736601008,7.508571429,7.5825,0,6.49,5.127272727,4
986342491,95,454,582,33,15,61.74,0,0,0,0,1,2.99,12.556,54.42,0,0,17,82.61,2,8.62,14,21.89,0,0,0,0,0,0,4,41.61,0,0,0,0,0,0,0,0,4,4,0,0,0,0,5,16.95,4.116,0,0,2.99,4.334182861,0,4.859411765,4.31,1.563571429,0,0,0,10.4025,0,0,0,0,0,1,0,3.39,4
987588662,84,39,139,16,0,0,0,0,0,0,0,0,0,0,0,0,0,0,0,0,0,0,0,0,0,0,0,0,2,4.78,0,0,0,0,0,0,0,0,0,0,0,0,0,0,0,0,0,0,0,0,0,0,0,0,0,0,0,0,2.39,0,0,0,0,0,0,0,0,4
988743027,78,0,100,22,1,2.29,0,0,0,0,0,0,0,0,3,3.22,2,2.38,1,23.99,0,0,0,0,0,0,0,0,1,7.99,0,0,0,0,0,0,0,0,0,0,0,0,0,0,0,0,2.29,0,0,0,0,1.073333333,1.19,23.99,0,0,0,0,7.99,0,0,0,0,0,0,0,0,4
989250782,77,428,505,0,20,84.49,0,0,0,0,4,11.17,7.75,26.82,1,1.03,0,0,0,0,0,0,0,0,0,0,0,0,0,0,10,34.45,0,0,0,0,0.5,5.5,0,0,0,0,2,13.98,1,4.19,4.2245,0,0,2.7925,3.460645161,1.03,0,0,0,0,0,0,0,3.445,0,0,0,11,0,6.99,4.19,4
989487855,77,0,91,14,2,4.28,0,0,0,0,1,0.4,0,0,0,0,0.583,4.08,0,0,0,0,0,0,0,0,0,0,0,0,0,0,0,0,0,0,0,0,0,0,19.389,21.44,0,0,0,0,2.14,0,0,0.4,0,0,6.998284734,0,0,0,0,0,0,0,0,1.105781629,0,0,0,0,0,4
992469353,78,0,78,0,0,0,1,1.57,0,0,0,0,0,0,0,0,1,6.6,10,14.52,0,0,0,0,0,0,0,0,0,0,0,0,0,0,0,0,0,0,0,0,0,0,0,0,8,13.29,0,1.57,0,0,0,0,6.6,1.452,0,0,0,0,0,0,0,0,0,0,0,0,1.66125,4
992493452,77,0,77,0,3,12.7,3,5.99,0,0,6,24.2,2,7.98,1,1.79,4,18.96,4,5.97,0,0,9,10.46,8,23.5,0,0,0,0,0,0,3,16.54,0,0,0,0,0,0,0,0,0.25,0.87,3,13.97,4.233333333,1.996666667,0,4.033333333,3.99,1.79,4.74,1.4925,0,1.162222222,2.9375,0,0,0,5.513333333,0,0,0,0,3.48,4.656666667,4
992585919,77,0,77,0,10,44.01,11,53.69,0,0,6,3.29,4.166,28.96,2,5.39,7,106.28,29,70.21,0,0,1,1.99,11,36.69,0,0,0,0,0,0,4.333,23.38,0,0,0,0,0,0,0,0,6,35.54,13,11.71,4.401,4.880909091,0,0.548333333,6.951512242,2.695,15.18285714,2.421034483,0,1.99,3.335454546,0,0,0,5.395799677,0,0,0,0,5.923333333,0.900769231,4
992974584,77,0,77,0,5,18.73,0,0,0,0,10,29.7,0,0,0,0,2,7.13,0,0,0,0,0,0,0,0,0,0,4,19.51,3,12.93,0,0,0,0,0,0,0,0,5,25.15,0,0,2,9.33,3.746,0,0,2.97,0,0,3.565,0,0,0,0,0,4.8775,4.31,0,5.03,0,0,0,0,4.665,4
992999219,77,0,77,0,5.001,28.09,1,3.49,0,0,0,0,10.194,58.68,2,3.13,13.5,31.2,0,0,0,0,0,0,0,0,0,0,0,0,1.361,4.4,4.5,19.1,3.208,12.19,5.861,10.4,0,0,0,0,1,5.6,0,0,5.616876625,3.49,0,0,5.756327251,1.565,2.311111111,0,0,0,0,0,0,3.232916973,4.244444444,0,3.799875312,1.774441222,0,5.6,0,4
993032044,76,0,76,0,2,4.93,0,0,0,0,7,20.13,7,43.23,13,9.5,2,14.32,5,12.22,2,4.78,1,3.99,0,0,1,1.79,0,0,0,0,1,6.59,0,0,0,0,4,4,14,18.62,4.5,58.47,0,8.88E-16,2.465,0,0,2.875714286,6.175714286,0.730769231,7.16,2.444,2.39,3.99,0,1.79,0,0,6.59,1.33,0,0,1,12.99333333,0,4
993110683,76,0,76,0,1,2.99,2,0.5,1,2.39,2,11.23,0,0,1,2.99,1,5.99,8,19.28,0,0,1,3.89,7,43.14,0,0,10,31.78,0,0,2.667,18.64,5,13.95,10.5,98.91,12,23.98,2,7.18,1,4.99,0,0,2.99,0.25,2.39,5.615,0,2.99,5.99,2.41,0,3.89,6.162857143,0,3.178,0,6.989126359,3.59,2.79,9.42,1.998333333,4.99,0,4
993396241,76,0,76,0,1,4.39,1,0.88,0,0,0,0,0,0,0,0,2,10.98,0,0,2,11.78,0,0,29,90.83,0,0,0,0,0,0,0,0,0,0,0,0,0,0,20,20.59,0,0,3,14.42,4.39,0.88,0,0,0,0,5.49,0,5.89,0,3.132068966,0,0,0,0,1.0295,0,0,0,0,4.806666667,4
993488527,75,0,75,0,1,2.47,0,0,0,0,15,47.12,0,0,2,1.83,3,24.35,0,0,0,0,2,7.48,0,0,0,0,0,0,0,0,14.917,38.06,0,0,0,0,0,0,0,0,0,0,0,0,2.47,0,0,3.141333333,0,0.915,8.116666667,0,0,3.74,0,0,0,0,2.551451364,0,0,0,0,0,0,4
993564558,75,0,75,0,0,0,0,0,0,0,0,0,0,0,0,0,2,29.68,0,0,0,0,0,0,0,0,0,0,15,36.96,0,0,0,0,0,0,0,0,0,0,0,0,0,0,0,0,0,0,0,0,0,0,14.84,0,0,0,0,0,2.464,0,0,0,0,0,0,0,0,4
993585983,75,0,75,0,3,9.27,0,0,0,0,4,11.66,8,24.33,1,1,7.5,28.91,0,0,0,0,0,0,0,0,0,0,0,0,5,22.97,4,11.68,0,0,9.5,24.43,0,0,1,1.99,0,0,9,20.26,3.09,0,0,2.915,3.04125,1,3.854666667,0,0,0,0,0,0,4.594,2.92,1.99,0,2.571578947,0,0,2.251111111,4
993665652,74,0,74,0,0,0,0,0,0,0,0,0,0,0,0,0,3.666,11.59,0,0,0,0,0,0,0,0,0,0,0,0,0,0,0,0,1,4.75,0,0,0,0,0,0,2,10.18,0,0,0,0,0,0,0,0,3.161483906,0,0,0,0,0,0,0,0,0,4.75,0,0,5.09,0,4
993746320,75,0,75,0,0,0,0,0,0,0,1,2.39,0,0,0,0,17,204.66,0,0,0,0,0,0,0,0,0,0,1,1.99,0,0,14.888,58.77,0,0,0,0,0,0,0,0,0,0,10,19.41,0,0,0,2.39,0,0,12.03882353,0,0,0,0,0,1.99,0,3.947474476,0,0,0,0,0,1.941,4
993771658,75,0,75,0,0,0,1,6.35,0,0,0,0,4,4.74,2,6.22,1,8.92,0,0,0,0,1,2.12,0,0,0,0,0,0,0,0,0,0,0,0,12,40.23,0,0,0,0,0,0,0,0,0,6.35,0,0,1.185,3.11,8.92,0,0,2.12,0,0,0,0,0,0,0,3.3525,0,0,0,4
993776244,75,0,75,0,22,69.61,0,0,0,0,19,6.97,69.222,306.16,10,14.01,53.292,195.82,0,0,8,21.52,3,4.19,0,0,0,0,0,0,65.11,282.6,0,0,0,0,8.5,26.54,1,7.99,0,0,5,85.95,18,65.82,3.164090909,0,0,0.366842105,4.422871342,1.401,3.674472716,0,2.69,1.396666667,0,0,0,4.340347105,0,0,0,3.122352941,7.99,17.19,3.656666667,4
994015998,72,0,72,0,5,11.29,0,0,0,0,0,0,0,0,0,0,1,2.99,0,0,0,0,0,0,1,4.99,0,0,0,0,2,4.78,0,0,2,10.5,0,0,0,0,0,0,0,0,6,14.94,2.258,0,0,0,0,0,2.99,0,0,0,4.99,0,0,2.39,0,0,5.25,0,0,0,2.49,4
994148278,72,0,72,0,0,0,6,3.78,1,10.55,0,0,0,0,0,0,2,4.48,7,8.87,30,79.67,0,0,0,0,2,5.93,0,0,2.487,12.3,0.778,3.79,0,0,0,0,0,0,7.5,23.19,0,0,1,5.99,0,0.63,10.55,0,0,0,2.24,1.267142857,2.655666667,0,0,2.965,0,4.945717732,4.871465296,3.092,0,0,0,0,5.99,4
994293181,72,0,72,0,4,30.96,0,0,0,0,0,0,0,0,0,0,18,88.94,0,0,0,0,0,0,0,0,0,0,0,0,0,0,0,0,0,0,0,0,0,0,0,0,0,0,0,0,7.74,0,0,0,0,0,4.941111111,0,0,0,0,0,0,0,0,0,0,0,0,0,0,4
999617889,66,270,341,5,0,0,0,0,0,0,0,0,0,0,0,0,0,0,0,0,0,0,0,0,0,0,0,0,0,0,0,0,0,0,0,0,0,0,0,0,10,11.93,0,0,2,4.38,0,0,0,0,0,0,0,0,0,0,0,0,0,0,0,1.193,0,0,0,0,2.19,4
1000976108,69,422,510,19,0,0,0,0,0,0,0,0,2.5,12.7,0,0,0.75,3.6,0,0,0,0,0,0,0,0,0,0,0,0,0,0,0,0,0,0,0,0,0,0,0,0,0,0,0,0,0,0,0,0,5.08,0,4.8,0,0,0,0,0,0,0,0,0,0,0,0,0,0,4
1003073960,60,170,248,18,0,0,0,0,0,0,0,0,0,0,0,0,2,2.68,0,0,0,0,0,0,0,0,1,5.39,2,7.06,0,0,0,0,0,0,0,0,0,0,0,0,0,0,0,0,0,0,0,0,0,0,1.34,0,0,0,0,5.39,3.53,0,0,0,0,0,0,0,0,4
1003804521,94,391,485,0,0,0,0,0,0,0,23,90.11,0,0,4,4.35,6.416,36.86,0,0,27,58.05,0,0,0,0,5,1.25,2,1.58,20.611,123.51,11.112,31.14,0,0,0,0,0,0,0,0,0,0,1,3.99,0,0,0,3.917826087,0,1.0875,5.745012469,0,2.15,0,0,0.25,0.79,5.992431226,2.80237581,0,0,0,0,0,3.99,4
1005129984,51,235,292,6,0,0,1,0.59,0,0,0,0,0,0,0,0,0,0,0,0,0,0,0,0,4,6.86,0,0,0,0,0,0,0,0,0,0,0,0,0,0,0,0,0,0,0,0,0,0.59,0,0,0,0,0,0,0,0,1.715,0,0,0,0,0,0,0,0,0,0,4
1006760092,58,358,438,22,24,76.56,0,0,0,0,3,10.5,1.75,7.41,3,3.8,17.875,106.62,2,1.6,0,0,3,10.76,1,9.59,0,0,0,0,6.056,30.3,3.625,24.78,6.5,43.05,2.5,52.5,0,0,10.375,70.06,1,3.49,7,8.23,3.19,0,0,3.5,4.234285714,1.266666667,5.964755245,0.8,0,3.586666667,9.59,0,0,5.00330251,6.835862069,6.752771084,6.623076923,21,0,3.49,1.175714286,4
1021642713,48,270,324,6,0,0,0,0,0,0,0,0,0,0,0,0,0,0,0,0,1,1.19,0,0,0,0,0,0,0,0,0.667,3.2,0,0,0,0,0,0,0,0,0,0,0,0,0,0,0,0,0,0,0,0,0,0,1.19,0,0,0,0,4.797601199,0,0,0,0,0,0,0,4
1026039998,74,162,245,9,7,20.73,0,0,0,0,0,0,0,0,4,4.84,6,11.11,1,0.59,0,0,14,23.71,0,0,0,0,0,0,20.5,110.99,0,0,0,0,0,0,0,0,13.249,80.55,0,0,9,25.73,2.961428571,0,0,0,0,1.21,1.851666667,0.59,0,1.693571429,0,0,0,5.414146342,0,6.079704129,0,0,0,0,2.858888889,4
1031640541,65,94,164,5,18.833,24.46,0,0,0,0,0,0,11.001,50.6,3,7.59,4.957,44.46,0,0,2,6.38,0,0,6,49.45,0,0,0,0,1.375,5.76,14.388,76.29,2.334,15.86,0,0,0,0,2.555,9.57,0,0,1,4.99,1.298784049,0,0,0,4.599581856,2.53,8.969134557,0,3.19,0,8.241666667,0,0,4.189090909,5.302335279,3.745596869,6.795201371,0,0,0,4.99,4
1033996024,96,0,96,0,15,47.42,0,0,0,0,2,4.68,154.087,887.85,16,16.37,22.334,96.55,0,0,0,0,2,11.98,1,9.99,0,0,1,1.24,6.792,45.35,0,0,0,0,11.5,100.49,0,0,3,14.5,4,41.66,0,0,3.161333333,0,0,2.34,5.762004582,1.023125,4.323005283,0,0,5.99,9.99,0,1.24,6.676972909,0,4.833333333,0,8.73826087,0,10.415,0,4
1059205490,71,0,107,36,3,7.62,0,0,0,0,0,0,10,26.41,6,5.49,15,121.5,0,0,1,1.99,1,1.49,0,0,0,0,0,0,0,0,139,695.3,0,0,31.5,382.71,0,0,0,0,6,23.94,5,22.95,2.54,0,0,0,2.641,0.915,8.1,0,1.99,1.49,0,0,0,0,5.002158273,0,0,12.14952381,0,3.99,4.59,4
1076475076,95,112,211,4,1,4.79,0,0,0,0,0,0,0,0,0,0,0,0,6,6.32,0,0,0,0,0,0,0,0,0,0,0,0,0,0,0,0,0,0,0,0,8,5.96,0,0,0,0,4.79,0,0,0,0,0,0,1.053333333,0,0,0,0,0,0,0,0.745,0,0,0,0,0,4
