,CustomerId,sms_cnt,email_cnt,allcom_cnt,mail_cnt,sew_qty,sew_ns,paper_qty,paper_ns,pct_qty,pct_ns,needle_qty,needle_ns,quilt_qty,quilt_ns,impulse_qty,impulse_ns,other_qty,other_ns,kids_qty,kids_ns,jewelry_qty,jewelry_ns,ribbon_qty,ribbon_ns,paint_qty,paint_ns,seasfloral_qty,seasfloral_ns,celeb_qty,celeb_ns,fabric_qty,fabric_ns,fleece_qty,fleece_ns,warm_qty,warm_ns,homedec_qty,homedec_ns,public_qty,public_ns,special_qty,special_ns,foam_qty,foam_ns,bccomp_qty,bccomp_ns,sew_ns_qty,paper_ns_qty,pct_ns_qty,needle_ns_qty,quilt_ns_qty,impulse_ns_qty,other_ns_qty,kids_ns_qty,jewelry_ns_qty,ribbon_ns_qty,paint_ns_qty,seasfloral_ns_qty,celeb_ns_qty,fabric_ns_qty,fleece_ns_qty,special_ns_qty,warm_ns_qty,homedec_ns_qty,public_ns_qty,foam_ns_qty,bccomp_ns_qty,avg,net_sales,sum,mean_price,Cluster
4503,946753654,0.90625,0,0.147959184,0,0,0,0,0,0,0,0,0,0,0,0,0,0.005685469,0.011832528,0,0,0,0,0,0,0,0,0,0,0,0,0,0,0,0,0,0,0,0,0,0,0,0,0,0,0,0,0,0,0,0,0,0,0.155133736,0,0,0,0,0,0,0,0,0,0,0,0,0,0,0.001062699,0.004019499,0.001062699,0.012843041,4
4502,944868454,0.822916667,0,0.134353741,0,0,0,0,0,0,0,0,0,0,0,0,0,0,0,0,0,0,0,0,0,0,0,0,0,0,0,0,0,0,0,0.001329369,0.00292873,0,0,0,0,0,0,0,0,0.00877193,0.007224819,0,0,0,0,0,0,0,0,0,0,0,0,0,0,0,0,0.389031705,0,0,0,0.103946637,0.001476089,0.001579628,0.001476089,0.01100798,4
30,1021642713,0.5,0.563674322,0.551020408,0.09375,0,0,0,0,0,0,0,0,0,0,0,0,0,0,0,0,0.003424658,0.00103116,0,0,0,0,0,0,0,0,0.002230769,0.004790778,0,0,0,0,0,0,0,0,0,0,0,0,0,0,0,0,0,0,0,0,0,0,0.074328545,0,0,0,0,0.112911301,0,0,0,0,0,0,0,0.00177152,0.001705394,0.00177152,0.008553838,4
1356,948578414,0.760416667,0,0.12414966,0,0.005,0.001885741,0,0,0,0,0,0,0,0,0,0,0.004895188,0.008489411,0,0,0,0,0,0,0,0,0,0,0,0,0,0,0,0,0,0,0,0,0,0,0,0,0,0,0,0,0.001885741,0,0,0,0,0,0.1292716,0,0,0,0,0,0,0,0,0,0,0,0,0,0,0.001977683,0.003405758,0.001977683,0.012587736,4
22,868346016,0.895833333,0,0.154761905,0.078125,0.005,0.009271561,0,0,0,0,0,0,0,0,0.011494253,0.023641783,0,0,0,0,0,0,0,0,0,0,0,0,0,0,0,0,0,0,0,0,0,0,0,0,0,0,0,0,0,0,0.009271561,0,0,0,0,0.218261413,0,0,0,0,0,0,0,0,0,0,0,0,0,0,0,0.002125399,0.004517534,0.002125399,0.014257347,4
1295,928866649,0.885416667,0,0.144557823,0,0,0,0,0,0,0,0,0,0,0,0,0,0.011370937,0.019716493,0,0,0,0,0,0,0,0,0,0,0,0,0,0,0,0,0,0,0,0,0,0,0,0,0,0,0,0,0,0,0,0,0,0,0.129249353,0,0,0,0,0,0,0,0,0,0,0,0,0,0,0.002125399,0.007032865,0.002125399,0.010700153,4
1458,987588662,0.875,0.081419624,0.236394558,0.25,0,0,0,0,0,0,0,0,0,0,0,0,0,0,0,0,0,0,0,0,0,0,0,0,0.02173913,0.013888485,0,0,0,0,0,0,0,0,0,0,0,0,0,0,0,0,0,0,0,0,0,0,0,0,0,0,0,0,0.079693231,0,0,0,0,0,0,0,0,0.002125399,0.00190159,0.002125399,0.003414334,4
1253,917679565,0.989583333,0,0.161564626,0,0.01,0.004571494,0,0,0,0,0,0,0,0,0.011494253,0.00677415,0,0,0,0,0,0,0,0,0,0,0,0,0,0,0,0,0,0,0,0,0,0,0,0,0,0,0,0,0,0,0.002285747,0,0,0,0,0.062539087,0,0,0,0,0,0,0,0,0,0,0,0,0,0,0,0.003188098,0.001609812,0.003188098,0.003714339,4
1088,843599036,1,0,0.163265306,0,0,0,0,0,0,0,0,0,0,0,0.022988506,0.050806124,0.005685469,0.003935402,0,0,0,0,0,0,0,0,0,0,0,0,0,0,0,0,0,0,0,0,0,0,0,0,0,0,0,0,0,0,0,0,0,0.234521576,0.051596204,0,0,0,0,0,0,0,0,0,0,0,0,0,0,0.003188098,0.004774098,0.003188098,0.009628709,4
1124,864262456,0.989583333,0,0.161564626,0,0,0,0,0,0,0,0.002666667,0.001145857,0,0,0,0,0,0,0,0,0,0,0,0,0,0,0,0,0.02173913,0.010111282,0,0,0,0,0,0,0,0,0,0,0,0,0,0,0,0,0,0,0,0.051644547,0,0,0,0,0,0,0,0,0.05801934,0,0,0,0,0,0,0,0,0.003188098,0.002148093,0.003188098,0.005042929,4
1527,1000976108,0.71875,0.881002088,0.867346939,0.296875,0,0,0,0,0,0,0,0,0.0162246,0.014304218,0,0,0.004264101,0.004738276,0,0,0,0,0,0,0,0,0,0,0,0,0,0,0,0,0,0,0,0,0,0,0,0,0,0,0,0,0,0,0,0,0.127031758,0,0.082830026,0,0,0,0,0,0,0,0,0,0,0,0,0,0,0.003453773,0.007696913,0.003453773,0.014114487,4
4334,481810455,0.90625,0,0.159863946,0.109375,0,0,0,0,0,0,0,0,0,0,0,0,0.005685469,0.005251589,0,0,0,0,0,0,0,0,0,0,0,0,0,0,0,0,0,0,0,0,0,0,0.005331741,0.011098142,0.025316456,0.032882761,0,0,0,0,0,0,0,0,0.068852459,0,0,0,0,0,0,0,0,0.3995331,0,0,0,0.03773501,0,0.003985122,0.013059598,0.003985122,0.029238513,4
4514,959244138,0.947916667,0.002087683,0.18877551,0.296875,0,0,0,0,0,0,0,0,0,0,0.011494253,0.005080612,0.017056406,0.011819366,0,0,0,0,0,0,0,0,0,0,0,0,0,0,0,0,0,0,0,0,0,0,0,0,0,0,0,0,0,0,0,0,0,0.046904315,0.051653724,0,0,0,0,0,0,0,0,0,0,0,0,0,0,0.004250797,0.004391768,0.004250797,0.005347695,4
1259,920335650,0.979166667,0,0.159863946,0,0.015,0.017928828,0,0,0,0,0,0,0,0,0,0,0,0,0,0,0,0,0,0,0.008130081,0.002443602,0,0,0,0,0,0,0,0,0,0,0,0,0,0,0,0,0,0,0,0,0.005976276,0,0,0,0,0,0,0,0,0,0.023007669,0,0,0,0,0,0,0,0,0,0,0.004250797,0.00615753,0.004250797,0.006962004,4
1049,822788774,1,0,0.163265306,0,0,0,0,0,0,0,0,0,0,0,0,0,0.022741874,0.013122392,0,0,0,0,0,0,0,0,0,0,0,0,0,0,0,0,0,0,0,0,0,0,0,0,0,0,0,0,0,0,0,0,0,0,0.043011217,0,0,0,0,0,0,0,0,0,0,0,0,0,0,0.004250797,0.004512504,0.004250797,0.003560765,4
1168,882295165,0.979166667,0,0.159863946,0,0,0,0,0,0,0,0,0,0,0,0,0,0.017056406,0.007199547,0,0,0,0,0.010178117,0.016184595,0,0,0,0,0,0,0,0,0,0,0,0,0,0,0,0,0,0,0,0,0,0,0,0,0,0,0,0,0.031463906,0,0,0.16611074,0,0,0,0,0,0,0,0,0,0,0,0.004250797,0.003501341,0.004250797,0.006161993,4
3395,863847844,1,0,0.163265306,0,0.02,0.006600094,0,0,0,0,0,0,0,0,0,0,0,0,0,0,0,0,0,0,0,0,0,0,0,0,0,0,0,0,0,0,0,0,0,0,0.000888623,0.002112167,0,0,0,0,0.001650024,0,0,0,0,0,0,0,0,0,0,0,0,0,0,0.456228114,0,0,0,0,0,0.004383634,0.002394595,0.004383634,0.014678781,4
1360,949384218,0.8125,0,0.132653061,0,0,0,0,0,0,0,0,0,0,0,0,0,0.008528203,0.004435553,0,0,0,0,0.030534351,0.047448814,0,0,0,0,0,0,0,0,0,0,0,0,0,0,0,0,0,0,0,0,0,0,0,0,0,0,0,0,0.038769054,0,0,0.162330442,0,0,0,0,0,0,0,0,0,0,0,0.004782147,0.00486465,0.004782147,0.00668581,4
1549,1005129984,0.53125,0.490605428,0.496598639,0.09375,0,0,0.002188184,0.000887538,0,0,0,0,0,0,0,0,0,0,0,0,0,0,0,0,0.032520325,0.024294366,0,0,0,0,0,0,0,0,0,0,0,0,0,0,0,0,0,0,0,0,0,0.019673224,0,0,0,0,0,0,0,0,0.057185729,0,0,0,0,0,0,0,0,0,0,0.005313496,0.003244777,0.005313496,0.003292904,4
1122,863859468,0.90625,0,0.147959184,0,0.015,0.031671881,0,0,0,0,0,0,0,0,0,0,0.011370937,0.078971268,0,0,0,0,0,0,0,0,0,0,0,0,0,0,0,0,0,0,0,0,0,0,0,0,0,0,0,0,0.010557294,0,0,0,0,0,0.517687662,0,0,0,0,0,0,0,0,0,0,0,0,0,0,0.005313496,0.040833883,0.005313496,0.053415049,4
4543,1003073960,0.625,0.354906054,0.421768707,0.28125,0,0,0,0,0,0,0,0,0,0,0,0,0.011370937,0.003527383,0,0,0,0,0,0,0,0,0.005376344,0.013812721,0.02173913,0.020513119,0,0,0,0,0,0,0,0,0,0,0,0,0,0,0,0,0,0,0,0,0,0,0.023123382,0,0,0,0,0.107821564,0.117705902,0,0,0,0,0,0,0,0,0.005313496,0.007108325,0.005313496,0.014657352,4
4466,881974646,0.989583333,0,0.161564626,0,0.01,0.004700067,0,0,0,0,0,0,0,0,0.011494253,0.033667525,0.005685469,0.007883965,0,0,0,0,0,0,0,0,0,0,0,0,0.001672241,0.005599221,0,0,0,0,0,0,0,0,0.007108988,0.027791674,0,0,0,0,0.002350034,0,0,0,0,0.310819262,0.10336497,0,0,0,0,0,0,0.176041422,0,0.750375188,0,0,0,0,0,0.005844846,0.016093087,0.005844846,0.050122145,4
1248,916327505,0.895833333,0,0.151360544,0.046875,0,0,0,0,0,0,0,0,0.00973476,0.010046742,0,0,0,0,0,0,0,0,0,0,0,0,0,0,0,0,0,0,0,0,0,0,0.00462963,0.079116615,0,0,0,0,0,0,0.01754386,0.003245373,0,0,0,0,0.148703843,0,0,0,0,0,0,0,0,0,0,0,0,0.403311847,0,0,0.023346304,0.005844846,0.022663132,0.005844846,0.035017167,4
1136,867911323,0.989583333,0,0.18877551,0.25,0,0,0,0,0,0,0,0,0,0,0,0,0,0,0,0,0,0,0,0,0,0,0,0,0,0,0,0,0.021610223,0.027138994,0,0,0,0,0,0,0,0,0,0,0,0,0,0,0,0,0,0,0,0,0,0,0,0,0,0,0.118928885,0,0,0,0,0,0,0.006022317,0.013733707,0.006022317,0.007134136,4
1167,882163371,0.989583333,0,0.161564626,0,0,0,0,0,0,0,0,0,0,0,0.011494253,0.008738653,0.005685469,0.004198639,0,0,0,0,0,0,0.024390244,0.030704395,0,0,0,0,0,0,0,0,0,0,0,0,0,0,0,0,0,0,0.00877193,0.027006143,0,0,0,0,0,0.080675422,0.055047455,0,0,0,0.096365455,0,0,0,0,0,0,0,0,0,0.388549194,0.006376196,0.009628687,0.006376196,0.020514579,4
521,557691607,0.927083333,0,0.161564626,0.09375,0,0,0,0,0,0,0.016,0.021131133,0,0,0,0,0,0,0,0,0,0,0,0,0,0,0,0,0,0,0,0,0,0,0,0,0,0,0,0,0,0,0,0,0,0,0,0,0,0.158732449,0,0,0,0,0,0,0,0,0,0,0,0,0,0,0,0,0,0.006376196,0.016103149,0.006376196,0.007859636,4
3464,921271961,0.989583333,0,0.161564626,0,0.005,0.00427149,0,0,0,0,0,0,0.014965571,0.010362111,0,0,0,0,0,0,0,0,0,0,0,0,0,0,0,0,0.01012709,0.027936223,0,0,0,0,0,0,0,0,0,0,0,0,0,0,0.00427149,0,0,0,0.09976475,0,0,0,0,0,0,0,0,0.145033737,0,0,0,0,0,0,0,0.006731137,0.015016526,0.006731137,0.018774662,4
4467,882694912,0.989583333,0,0.161564626,0,0.01,0.009400134,0,0,0,0,0,0,0.00324492,0.003942107,0,0,0,0,0,0,0,0,0.030534351,0.068053299,0,0,0,0,0,0,0,0,0,0,0.003417401,0.006773494,0,0,0,0,0,0,0,0,0,0,0.004700067,0,0,0,0.175043761,0,0,0,0,0.232821881,0,0,0,0,0,0,0.35,0,0,0,0,0.006907545,0.012476041,0.006907545,0.027186103,4
4529,993665652,0.770833333,0,0.12585034,0,0,0,0,0,0,0,0,0,0,0,0,0,0.020842928,0.015254617,0,0,0,0,0,0,0,0,0,0,0,0,0,0,0,0,0.003417401,0.0061284,0,0,0,0,0,0,0.025316456,0.019714164,0,0,0,0,0,0,0,0,0.054555374,0,0,0,0,0,0,0,0,0,0.316666667,0,0,0.022623228,0,0.007083953,0.012838249,0.007083953,0.018573814,4
4431,736837659,0.75,0,0.12244898,0,0,0,0,0,0,0,0,0,0.00324492,0.004786845,0,0,0.005685469,0.011174434,0,0,0,0,0,0,0,0,0,0,0,0,0,0,0,0,0.018891395,0.053439645,0,0,0,0,0,0,0,0,0,0,0,0,0,0,0.212553138,0,0.146505608,0,0,0,0,0,0,0,0,0,0.499517607,0,0,0,0,0.00746865,0.026742999,0.00746865,0.034975877,4
1464,988743027,0.8125,0,0.170068027,0.34375,0.005,0.003271475,0,0,0,0,0,0,0,0,0.034482759,0.021812762,0.011370937,0.003132527,0.007874016,0.070189298,0,0,0,0,0,0,0,0,0.010869565,0.023215272,0,0,0,0,0,0,0,0,0,0,0,0,0,0,0,0,0.003271475,0,0,0,0,0.067125287,0.020534944,1,0,0,0,0,0.266422141,0,0,0,0,0,0,0,0,0.008501594,0.019554183,0.008501594,0.052191222,4
622,597307438,1,0,0.209183673,0.421875,0.02,0.056086516,0,0,0,0,0,0,0.0081123,0.004212423,0,0,0.005685469,0.005251589,0,0,0,0,0,0,0,0,0,0,0,0,0,0,0.009533361,0.014365446,0,0,0,0,0,0,0,0,0,0,0,0,0.014021629,0,0,0,0.074818705,0,0.068852459,0,0,0,0,0,0,0,0.142700643,0,0,0,0,0,0,0.009298618,0.030671946,0.009298618,0.032556179,4
3375,843464504,1,0,0.163265306,0,0.015,0.009814426,0.004376368,0.018924123,0,0,0,0,0.00648984,0.007872952,0,0,0.005685469,0.003145689,0,0,0.003424658,0.00389068,0,0,0,0,0,0,0,0,0,0,0,0,0,0,0,0,0,0,0,0,0,0,0.00877193,0.007688444,0.003271475,0.209736579,0,0,0.174793698,0,0.04124245,0,0.280449719,0,0,0,0,0,0,0,0,0,0,0,0.110617009,0.009564293,0.017260201,0.009564293,0.034914784,4
3396,864112792,0.958333333,0,0.156462585,0,0,0,0,0,0,0,0,0,0,0,0.011494253,0.010228966,0.011370937,0.021032681,0,0,0.006849315,0.0061523,0,0,0,0,0,0,0,0,0.011705686,0.041889363,0,0,0,0,0,0,0,0,0,0,0,0,0.00877193,0.019279063,0,0,0,0,0,0.094434021,0.137877481,0,0.221736415,0,0,0,0,0.18814511,0,0,0,0,0,0,0.27737632,0.010095643,0.028453424,0.010095643,0.037192368,4
954,763334166,0.989583333,0.929018789,0.945578231,0.25,0,0,0,0,0,0,0,0,0,0,0.011494253,0.003387075,0.028427343,0.004303934,0.031496063,0.022704,0,0,0,0,0,0,0,0,0,0,0,0,0,0,0,0,0,0,0,0,0,0,0,0,0,0,0,0,0,0,0,0.031269543,0.011285591,0.080867028,0,0,0,0,0,0,0,0,0,0,0,0,0,0.010626993,0.005297287,0.010626993,0.004420063,4
1087,843426495,1,0,0.163265306,0,0.03,0.022428892,0,0,0,0,0,0,0,0,0,0,0.005685469,0.010490017,0,0,0,0,0,0,0,0,0,0,0.010869565,0.01740419,0,0,0,0,0,0,0,0,0,0,0,0,0.025316456,0.034819319,0,0,0.003738149,0,0,0,0,0,0.137532355,0,0,0,0,0,0.199733244,0,0,0,0,0,0,0.039957331,0,0.010626993,0.023463007,0.010626993,0.036524331,4
1276,926287749,0.979166667,0.88308977,0.908163265,0.265625,0,0,0.004376368,0.006242855,0,0,0,0,0,0,0,0,0.011370937,0.013951591,0,0,0,0,0,0,0.024390244,0.055105004,0,0,0,0,0,0,0,0,0,0,0,0,0,0,0,0,0.025316456,0.027847709,0.00877193,0.002279488,0,0.06918973,0,0,0,0,0.091458154,0,0,0,0.172946538,0,0,0,0,0,0,0,0,0.031956976,0.032795998,0.010626993,0.022275771,0.010626993,0.029059939,4
4446,817039662,1,0,0.163265306,0,0,0,0,0,0,0,0,0,0,0,0,0,0.034112811,0.014399094,0,0,0,0,0,0,0,0,0,0,0,0,0,0,0.015253378,0.019141142,0,0,0,0,0,0,0,0,0,0,0,0,0,0,0,0,0,0,0.031463906,0,0,0,0,0,0,0,0.118837819,0,0,0,0,0,0,0.010626993,0.015041679,0.010626993,0.009733472,4
1357,948637715,0.8125,0,0.132653061,0,0,0,0,0,0,0,0,0,0,0,0.022988506,0.013209592,0.014213671,0.039064454,0.007874016,0.023376927,0,0,0.010178117,0.011634709,0,0,0,0,0,0,0,0,0.003813344,0.014375036,0,0,0,0,0,0,0,0,0,0,0.026315789,0.045087509,0,0,0,0,0,0.06097561,0.204866264,0.33305544,0,0.119412942,0,0,0,0,0.356989759,0,0,0,0,0,0.21623124,0.011158342,0.033740649,0.011158342,0.059296561,4
408,508025517,0.895833333,0.158663883,0.31292517,0.34375,0,0,0,0,0,0,0,0,0,0,0.011494253,0.009416068,0.056382791,0.0655988,0,0,0,0,0,0,0,0,0,0,0,0,0,0,0,0,0,0,0,0,0,0,0,0,0,0,0,0,0,0,0,0,0,0.086929331,0.086724994,0,0,0,0,0,0,0,0,0,0,0,0,0,0,0.011601488,0.025269015,0.011601488,0.009165436,4
977,773210950,0.875,0.853862213,0.846938776,0.078125,0,0,0,0,0,0,0.016,0.010716,0,0,0,0,0,0,0.023622047,0.048187484,0,0,0,0,0.016260163,0.018557212,0,0,0,0,0,0,0,0,0,0,0,0,0,0,0,0,0,0,0,0,0,0,0,0.080496249,0,0,0,0.228845352,0,0,0.087362454,0,0,0,0,0,0,0,0,0,0,0.011689692,0.018839829,0.011689692,0.015571651,4
2955,356469668,0.885416667,0.354906054,0.482993197,0.453125,0.02,0.007242961,0,0,0,0,0,0,0,0,0,0,0.036955545,0.02957474,0,0,0,0,0,0,0,0,0,0,0,0,0.003344482,0.000733588,0,0,0,0,0,0,0,0,0,0,0,0,0,0,0.00181074,0,0,0,0,0,0.059653547,0,0,0,0,0,0,0.011532125,0,0,0,0,0,0,0,0.012221041,0.013597879,0.012221041,0.007449282,4
3376,843517061,1,0,0.163265306,0,0,0,0.015317287,0.057659907,0,0,0,0,0,0,0,0,0.022741874,0.056819827,0,0,0,0,0,0,0,0,0,0,0,0,0.001672241,0.005090201,0,0,0,0,0.00019213,0.004730864,0,0,0,0,0,0,0,0,0,0.182584671,0,0,0,0,0.186238136,0,0,0,0,0,0,0.160037656,0,0,0,0.581119767,0,0,0,0.012309245,0.043298907,0.012309245,0.070304994,4
4192,946043031,0.927083333,0,0.151360544,0,0.005,0.005500079,0.002188184,0.013523678,0.051282051,0.036860044,0,0,0,0,0,0,0.005685469,0.019729655,0,0,0,0,0,0,0.040650407,0.11492014,0,0,0,0,0,0,0.003813344,0.004737337,0,0,0,0,0,0,0,0,0,0,0.00877193,0.019279063,0.005500079,0.299766589,0.034967832,0,0,0,0.258671268,0,0,0,0.216405468,0,0,0,0.117647059,0,0,0,0,0,0.27737632,0.012752391,0.04537154,0.012752391,0.078201117,4
27,999617889,0.6875,0.563674322,0.579931973,0.078125,0,0,0,0,0,0,0,0,0,0,0,0,0,0,0,0,0,0,0,0,0,0,0,0,0,0,0,0,0,0,0,0,0,0,0,0,0.071089879,0.022103644,0,0,0.01754386,0.016922304,0,0,0,0,0,0,0,0,0,0,0,0,0,0,0,0.05967984,0,0,0,0,0.121734297,0.012752391,0.007701943,0.012752391,0.004832926,4
1349,944641836,0.885416667,0,0.144557823,0,0,0,0,0,0.025641026,0.022822306,0.010666667,0.010780015,0.038939041,0.025567382,0,0,0.011370937,0.022691078,0,0,0,0,0,0,0,0,0,0,0,0,0,0,0,0,0,0,0,0,0,0,0,0,0,0,0,0,0,0,0.043301443,0.121465666,0.094606985,0,0.148748921,0,0,0,0,0,0,0,0,0,0,0,0,0,0,0.01381509,0.034595862,0.01381509,0.04229108,4
1252,917076713,0.979166667,0,0.159863946,0,0,0,0,0,0,0,0,0,0,0,0,0,0.022741874,0.009371257,0,0,0.010273973,0.008812519,0,0,0,0,0,0,0,0,0,0,0,0,0,0,0,0,0,0,0,0,0,0,0.052631579,0.026040258,0,0,0,0,0,0,0.030716135,0,0.211742661,0,0,0,0,0,0,0,0,0,0,0,0.062442097,0.01381509,0.011585614,0.01381509,0.008990605,4
738,646380709,0.979166667,0.457202505,0.56292517,0.28125,0,0,0,0,0,0,0,0,0,0,0,0,0,0,0,0,0.006849315,0.003232124,0.040712468,0.036204095,0,0,0,0,0,0,0,0,0,0,0,0,0.006944444,0.028755805,0,0,0,0,0.012658228,0.034838685,0.026315789,0.05783719,0,0,0,0,0,0,0,0,0.116489694,0.092895264,0,0,0,0,0,0,0,0.09772542,0,0.079959109,0.27737632,0.01381509,0.027391954,0.01381509,0.04376372,4
254,440349942,0.989583333,0.93736952,0.976190476,0.46875,0.005,0.014557351,0,0,0,0,0,0,0.01297968,0.018775694,0.034482759,0.012464436,0.017056406,0.031562183,0,0,0,0,0.040712468,0.069353266,0,0,0,0,0,0,0,0,0,0,0,0,0.002314815,0.011968868,0,0,0,0,0,0,0,0,0.014557351,0,0,0,0.208427107,0.038357307,0.137935001,0,0,0.177951968,0,0,0,0,0,0,0,0.122027117,0,0,0,0.01487779,0.03412801,0.01487779,0.050413815,4
4181,931700991,0.979166667,0.78914405,0.858843537,0.515625,0,0,0,0,0,0,0,0,0,0,0,0,0.017056406,0.017465812,0,0,0,0,0.020356234,0.018914527,0,0,0,0,0.097826087,0.046488654,0,0,0,0,0,0,0,0,0,0,0,0,0,0,0,0,0,0,0,0,0,0,0.07633017,0,0,0.09706471,0,0,0.059279019,0,0,0,0,0,0,0,0,0.01487779,0.015685604,0.01487779,0.010937458,4
1264,921317806,0.989583333,0,0.161564626,0,0.005,0.013343048,0,0,0,0,0.005333333,0.009269276,0.00648984,0.001903475,0.034482759,0.023032109,0,0,0,0,0,0,0.010178117,0.019304517,0,0,0,0,0.054347826,0.054188337,0,0,0,0,0,0,0,0,0,0,0,0,0,0,0.00877193,0.006722559,0.013343048,0,0,0.208886324,0.042260565,0.070877632,0,0,0,0.198132088,0,0,0.124374792,0,0,0,0,0,0,0,0.0967204,0.01487779,0.025792203,0.01487779,0.039776759,4
2665,921304473,0.989583333,0,0.161564626,0,0.02,0.019657424,0,0,0,0,0,0,0,0,0,0,0.056541984,0.047198494,0,0,0,0,0,0,0,0,0,0,0,0,0.002090301,0.006542406,0,0,0,0,0,0,0,0,0,0,0,0,0,0,0.004914356,0,0,0,0,0,0.062223159,0,0,0,0,0,0,0.164556366,0,0,0,0,0,0,0,0.015483528,0.026657477,0.015483528,0.020054332,4
1263,921275368,0.989583333,0,0.161564626,0,0,0,0,0,0,0,0.005333333,0.003290337,0,0,0.034482759,0.074312424,0.022741874,0.011793043,0,0,0.006849315,0.002010329,0.010178117,0.00279493,0.008130081,0.007047491,0,0,0,0,0,0,0,0,0,0,0,0,0,0,0,0,0,0,0.01754386,0.014411003,0,0,0,0.074148875,0,0.228684595,0.038654012,0,0.072454716,0.028685791,0.066355452,0,0,0,0,0,0,0,0,0,0.103668705,0.015940489,0.016369774,0.015940489,0.019874093,4
48,1076475076,0.989583333,0.233820459,0.358843537,0.0625,0.005,0.006842955,0,0,0,0,0,0,0,0,0,0,0,0,0.047244094,0.018490886,0,0,0,0,0,0,0,0,0,0,0,0,0,0,0,0,0,0,0,0,0.056871903,0.011042558,0,0,0,0,0.006842955,0,0,0,0,0,0,0.043907184,0,0,0,0,0,0,0,0.037268634,0,0,0,0,0,0.015940489,0.008084274,0.015940489,0.009412039,4
3397,864272018,0.989583333,0,0.161564626,0,0.005,0.006071515,0.013129103,0.017404778,0,0,0.002666667,0.003834459,0,0,0,0,0,0,0,0,0,0,0.040712468,0.044263893,0,0,0,0,0,0,0,0,0,0,0,0,0,0,0,0,0.021326964,0.008281919,0,0,0,0,0.006071515,0.064299211,0,0.172821696,0,0,0,0,0,0.113575717,0,0,0,0,0,0.074537269,0,0,0,0,0,0.015940489,0.016143394,0.015940489,0.021944361,4
2632,895231637,0.989583333,0.555323591,0.649659864,0.328125,0.02,0.003657195,0,0,0.025641026,0.007361467,0,0,0,0,0,0,0.011370937,0.001131922,0.015748031,0.00696334,0,0,0,0,0,0,0.021505376,0.012941418,0.02173913,0.027544527,0,0,0,0,0,0,0,0,0,0,0,0,0,0,0,0,0.000914299,0,0.013967132,0,0,0,0.00742019,0.049604002,0,0,0,0.025255051,0.158052684,0,0,0,0,0,0,0,0,0.015940489,0.011832117,0.015940489,0.01778954,4
2612,879499226,0.916666667,0,0.200680272,0.46875,0.04,0.12918756,0.002188184,0.004497864,0,0,0,0,0.01297968,0.012941375,0,0,0.015475845,0.012924964,0,0,0,0,0,0,0,0,0,0,0,0,0.004598662,0.012755446,0,0,0,0,0,0,0,0,0,0,0,0,0,0,0.016148445,0.0996999,0,0,0.143660915,0,0.062254382,0,0,0,0,0,0,0.145831105,0,0,0,0,0,0,0,0.016043571,0.061499842,0.016043571,0.042633116,4
2617,882391956,0.989583333,0,0.161564626,0,0.02,0.012885898,0,0,0,0,0,0,0.00405615,0.004922003,0.022988506,0.023641783,0.011370937,0.010239941,0,0,0,0,0,0,0,0,0,0,0,0,0.003344482,0.008967737,0,0,0.017941357,0.034731899,0.001157407,0.019076064,0,0,0,0,0,0,0,0,0.003221475,0,0,0,0.174843711,0.109130707,0.067126833,0,0,0,0,0,0,0.140974347,0,0,0.34184127,0.388975328,0,0,0,0.016339001,0.032860283,0.016339001,0.062143201,4
1446,984759829,0.864583333,0.158663883,0.302721088,0.296875,0.005,0.001414306,0,0,0,0,0,0,0,0,0.022988506,0.00677415,0.011370937,0.002632376,0.031496063,0.012229732,0,0,0,0,0,0,0.005376344,0.005355953,0,0,0,0,0,0,0,0,0.006944444,0.047068826,0,0,0,0,0.022860759,0.020953561,0.00877193,0.019279063,0.001414306,0,0,0,0,0.031269543,0.017256255,0.043559817,0,0,0,0.041808362,0,0,0,0,0,0.159961473,0,0.026628475,0.27737632,0.016797024,0.023473068,0.016797024,0.034004496,4
4516,960243848,0.9375,0.974947808,0.981292517,0.3125,0.01,0.011414449,0,0,0,0,0,0,0.01297968,0.015295376,0.011494253,0.006977374,0,0,0,0,0,0,0,0,0,0,0,0,0,0,0,0,0.00328329,0.009906212,0.020504408,0.064728802,0,0,0,0,0.028435952,0.033961425,0,0,0,0,0.005707224,0,0,0,0.169792448,0.06441526,0,0,0,0,0,0,0,0,0.285727009,0.22923962,0.557444444,0,0,0,0,0.016855473,0.050522937,0.016855473,0.052510527,4
188,400837555,0.989583333,0,0.192176871,0.28125,0,0,0.008752735,0.006603887,0,0,0,0,0,0,0.057471264,0.037257824,0.017056406,0.002342814,0,0,0,0,0,0,0,0,0,0,0,0,0,0,0,0,0,0,0,0,0.023809524,0.028587096,0,0,0,0,0.026315789,0.013406483,0,0.036595532,0,0,0,0.068792996,0.010238712,0,0,0,0,0,0,0,0,0,0,0,0.479791917,0,0.064294979,0.017003188,0.01314512,0.017003188,0.022768182,4
3469,927568402,0.989583333,0,0.180272109,0.171875,0.035,0.202045744,0,0,0,0,0,0,0,0,0,0,0,0,0,0,0,0,0,0,0,0,0,0,0,0,0.00390301,0.011333184,0,0,0,0,0.018388889,0.084174497,0,0,0,0,0,0,0,0,0.028863678,0,0,0,0,0,0,0,0,0,0,0,0,0.152664582,0,0,0,0.108030049,0,0,0,0.017121148,0.093877181,0.017121148,0.045073895,4
351,477598858,0.885416667,0.442588727,0.518707483,0.125,0,0,0,0,0,0,0.002666667,0.002445348,0.06129654,0.02324717,0,0,0.005685469,0.007818155,0,0,0,0,0,0,0,0,0.010752688,0.043513915,0,0,0,0,0,0,0,0,0,0,0,0,0,0,0,0,0.026315789,0.00336128,0,0,0,0.110213503,0.054645742,0,0.102502157,0,0,0,0,0.169833967,0,0,0,0,0,0,0,0,0.016120067,0.017476089,0.023769877,0.017476089,0.02960797,4
3484,946375896,0.916666667,0,0.149659864,0,0.025,0.01252875,0,0,0,0,0,0,0,0,0,0,0.056854685,0.011069139,0,0,0,0,0.010178117,0.014559636,0,0,0,0,0,0,0,0,0,0,0,0,0,0,0,0,0.007108988,0.01295092,0,0,0,0,0.00250575,0,0,0,0,0,0.014512511,0,0,0.149432955,0,0,0,0,0,0.349674837,0,0,0,0,0,0.018065887,0.012782912,0.018065887,0.016893098,4
2770,994015998,0.75,0,0.12244898,0,0.025,0.016128802,0,0,0,0,0,0,0,0,0,0,0.005685469,0.003935402,0,0,0,0,0,0,0.008130081,0.017671849,0,0,0,0,0.006688963,0.007156224,0,0,0.006834803,0.013546989,0,0,0,0,0,0,0,0,0.052631579,0.057721284,0.00322576,0,0,0,0,0,0.051596204,0,0,0,0.166388796,0,0,0.056248529,0,0,0.35,0,0,0,0.138410228,0.018065887,0.024393679,0.018065887,0.029097559,4
2768,993564558,0.78125,0,0.12755102,0,0,0,0,0,0,0,0,0,0,0,0,0,0.011370937,0.039064454,0,0,0,0,0,0,0,0,0,0,0.163043478,0.10738879,0,0,0,0,0,0,0,0,0,0,0,0,0,0,0,0,0,0,0,0,0,0,0.25608283,0,0,0,0,0,0.08216072,0,0,0,0,0,0,0,0,0.018065887,0.033021265,0.018065887,0.024720353,4
3438,903175909,0.604166667,0.63256785,0.613945578,0,0.005,0.03927199,0,0,0,0,0,0,0.093291452,0.081297516,0,0,0,0,0,0,0,0,0,0,0,0,0,0,0,0,0.003344482,0.008743169,0,0,0,0,0,0,0,0,0,0,0,0,0.00877193,0.018506356,0.03927199,0,0,0,0.125561825,0,0,0,0,0,0,0,0,0.137444104,0,0,0,0,0,0,0.266259033,0.0184644,0.054985134,0.0184644,0.061631191,4
3378,843887183,1,0,0.163265306,0,0.015,0.013314476,0,0,0,0,0,0,0,0,0.057471264,0.044709389,0.017056406,0.011924661,0.007874016,0.009918371,0.003424658,0.004843853,0,0,0,0,0,0,0,0,0,0,0,0,0,0,0,0,0,0,0.003554494,0.009041558,0,0,0.035087719,0.016226867,0.004438159,0,0,0,0,0.082551595,0.052113891,0.141308879,0.349156777,0,0,0,0,0,0,0.488244122,0,0,0,0,0.058365759,0.018597237,0.021148903,0.018597237,0.03891008,4
2295,547286518,0.9375,0.951983299,0.986394558,0.53125,0.015,0.014814497,0.010940919,0.007521512,0,0,0.002666667,0.001145857,0,0,0.045977011,0.053922233,0,0,0,0,0,0,0.010178117,0.003249919,0,0,0.005376344,0.012813285,0,0,0,0,0,0,0,0,0,0,0,0,0,0,0,0,0.026315789,0.028860642,0.004938166,0.033344448,0,0.051644547,0,0.124452783,0,0,0,0.03335557,0,0.100020004,0,0,0,0,0,0,0,0,0.138410228,0.019128587,0.018658725,0.019128587,0.023181284,4
2148,427191374,0.895833333,0.929018789,0.923469388,0.1875,0.045,0.184945499,0,0,0,0,0,0,0.00648984,0.002804528,0.034482759,0.01625796,0.022741874,0.041038735,0,0,0,0,0,0,0,0,0,0,0,0,0,0,0,0,0,0,0,0,0,0,0,0,0.012658228,0.109783493,0,0,0.0205495,0,0,0,0.062265566,0.05003127,0.134512511,0,0,0,0,0,0,0,0,0,0,0,0,0.251966754,0,0.019128587,0.111288302,0.019128587,0.117372312,4
604,586695041,0.739583333,0.897703549,0.880952381,0.265625,0.01,0.008214403,0,0,0,0,0,0,0,0,0,0,0,0,0,0,0,0,0,0,0,0,0,0,0,0,0,0,0.003813344,0.00193713,0,0,0,0,0,0,0,0,0,0,0.131578947,0.02383804,0.004107202,0,0,0,0,0,0,0,0,0,0,0,0,0,0.048106692,0,0,0,0,0,0.022864554,0.019128587,0.006509676,0.019128587,0.007580584,4
2129,393611231,0.979166667,0,0.222789116,0.578125,0.01,0.040257718,0,0,0,0,0,0,0,0,0.011494253,0.008738653,0.068225622,0.085894415,0,0,0,0,0,0,0,0,0,0,0,0,0,0,0,0,0,0,0.002604167,0.023850531,0,0,0,0,0.025316456,0.038692436,0,0,0.020128859,0,0,0,0,0.080675422,0.093845269,0,0,0,0,0,0,0,0,0,0,0.216146798,0,0.044401973,0,0.019261424,0.0627072,0.019261424,0.057904795,4
1359,948779970,0.770833333,0,0.12585034,0,0.005,0.017128816,0,0,0,0,0,0,0,0,0,0,0.061118786,0.144148887,0,0,0,0,0,0,0,0,0,0,0,0,0,0,0.026693411,0.036632847,0,0,0,0,0,0,0,0,0,0,0,0,0.017128816,0,0,0,0,0,0.175805125,0,0,0,0,0,0,0,0.129962916,0,0,0,0,0,0,0.019925611,0.079841635,0.019925611,0.039479207,4
928,745836213,0.697916667,0.45302714,0.518707483,0.328125,0,0,0,0,0,0,0,0,0,0,0.011494253,0.006638667,0.005685469,0.006554615,0.015748031,0.003452412,0.006849315,0.004401927,0.071246819,0.019564511,0,0,0,0,0.010869565,0.005520528,0,0,0.011440033,0.016849192,0,0,0.00462963,0.009156511,0,0,0,0,0,0,0,0,0,0,0,0,0,0.061288305,0.085936152,0.024593581,0.158650843,0.028685791,0,0,0.063354451,0,0.139477653,0,0,0.046677039,0,0,0,0.020191286,0.019066209,0.020191286,0.027681348,4
3486,946864824,0.885416667,0,0.144557823,0,0,0,0,0,0,0,0,0,0.01946952,0.008413583,0,0,0.022741874,0.11578504,0,0,0,0,0,0,0.016260163,0.022948614,0.032258065,0.052380708,0,0,0,0,0,0,0,0,0,0,0,0,0.007108988,0.0231412,0,0,0.035087719,0.033844608,0,0,0,0,0.062265566,0,0.379508197,0,0,0,0.108036012,0.068146963,0,0,0,0.624812406,0,0,0,0,0.121734297,0.021253985,0.071742269,0.021253985,0.065442602,4
1473,992469353,0.8125,0,0.132653061,0,0,0,0.002188184,0.002361755,0,0,0,0,0,0,0,0,0.005685469,0.008686839,0.078740157,0.042482226,0,0,0,0,0,0,0,0,0,0,0,0,0,0,0,0,0,0,0,0,0,0,0,0,0.070175439,0.051346444,0,0.052350784,0,0,0,0,0.113891286,0.060525219,0,0,0,0,0,0,0,0,0,0,0,0,0.092342968,0.021253985,0.017597255,0.021253985,0.016119159,4
1486,993771658,0.78125,0,0.12755102,0,0,0,0.002188184,0.00955232,0,0,0,0,0.025959361,0.00533874,0.022988506,0.042135212,0.005685469,0.011740395,0,0,0,0,0.010178117,0.013779656,0,0,0,0,0,0,0,0,0,0,0,0,0.027777778,0.087706294,0,0,0,0,0,0,0,0,0,0.211737246,0,0,0.029632408,0.19449656,0.153925798,0,0,0.141427618,0,0,0,0,0,0,0,0.074516559,0,0,0,0.022316684,0.033997213,0.022316684,0.035768368,4
1293,928335843,0.979166667,0,0.159863946,0,0,0,0,0,0,0,0.018666667,0.015369843,0,0,0.022988506,0.044573906,0.051169217,0.048475196,0,0,0,0,0.040712468,0.09398765,0,0,0,0,0,0,0,0,0,0,0,0,0,0,0,0,0,0,0,0,0,0,0,0,0,0.098961339,0,0.205753596,0.070616432,0,0,0.241160774,0,0,0,0,0,0,0,0,0,0,0,0.023379384,0.040687993,0.023379384,0.020610612,4
3796,361702947,1,0,0.192176871,0.265625,0.01,0.017100244,0.002188184,0.000752151,0,0,0,0,0,0,0,0,0,0,0.133858268,0.250797273,0.006849315,0.003448754,0,0,0,0,0,0,0,0,0,0,0,0,0,0,0,0,0,0,0,0,0,0,0,0,0.008550122,0.016672224,0,0,0,0,0,0.210185617,0.124297314,0,0,0,0,0,0,0,0,0,0,0,0,0.023379384,0.050895206,0.023379384,0.01931078,4
4530,994293181,0.75,0,0.12244898,0,0.02,0.044229203,0,0,0,0,0,0,0,0,0,0,0.102338433,0.117061742,0,0,0,0,0,0,0,0,0,0,0,0,0,0,0,0,0,0,0,0,0,0,0,0,0,0,0,0,0.011057301,0,0,0,0,0,0.085265075,0,0,0,0,0,0,0,0,0,0,0,0,0,0,0.023379384,0.05981457,0.023379384,0.018116132,4
4142,882899271,0.989583333,0,0.161564626,0,0.025,0.023157474,0.002188184,0.003745713,0,0,0,0,0.007748869,0.009618742,0.011494253,0.012125728,0.025584608,0.045671716,0,0,0,0,0.010178117,0.016184595,0.016260163,0.007543294,0,0,0,0,0,0,0.003813344,0.007470416,0.018795708,0.024784538,0,0,0,0,0,0,0,0,0,0,0.004631495,0.083027676,0,0,0.178855434,0.111944966,0.133064903,0,0,0.16611074,0.035511837,0,0,0,0.185520362,0,0.232848485,0,0,0,0,0.023585547,0.047464295,0.023585547,0.053176856,4
3327,769685280,0.989583333,0,0.217687075,0.515625,0.01,0.005042929,0,0,0,0,0,0,0.028120477,0.015869798,0,0,0.005685469,0.012595917,0,0,0.04109589,0.0287685,0,0,0,0,0,0,0,0,0.006688963,0.016438356,0,0,0,0,0,0,0,0,0,0,0,0,0.00877193,0.028976548,0.002521465,0,0,0,0.081315044,0,0.165142364,0,0.172808661,0,0,0,0,0.129206872,0,0,0,0,0,0,0.416898277,0.023733262,0.039173764,0.023733262,0.043348413,4
4759,736961392,0.989583333,0.787056367,0.870748299,0.625,0,0,0,0,0,0,0,0,0.00648984,0.005406319,0.08045977,0.060831866,0.017056406,0.058544033,0.007874016,0.004359402,0,0,0.010178117,0.00838479,0.008130081,0.002089457,0,0,0,0,0,0,0.003813344,0.008621186,0,0,0.011446759,0.136432013,0,0,0,0,0.03164557,0.026588946,0,0,0,0,0,0,0.120030008,0.080228714,0.255852747,0.062109212,0,0.086057372,0.019673224,0,0,0,0.214098595,0,0,0.281289337,0,0.024409974,0,0.023852285,0.073412449,0.023852285,0.073453522,4
3527,989487855,0.802083333,0,0.154761905,0.21875,0.01,0.006114373,0,0,0,0,0.002666667,0.000256057,0,0,0,0,0.003314628,0.005370046,0,0,0,0,0,0,0,0,0,0,0,0,0,0,0,0,0,0,0,0,0,0,0.137836166,0.039723565,0,0,0,0,0.003057187,0,0,0.011540681,0,0,0.120764189,0,0,0,0,0,0,0,0,0.05531674,0,0,0,0,0,0.024412327,0.014689533,0.024412327,0.015206026,4
3079,507981272,0.770833333,0.958246347,0.925170068,0.171875,0.01,0.250117859,0.026258206,0.02746856,0,0,0,0,0,0,0.011494253,0.011516055,0.014213671,0.031430565,0,0,0,0,0,0,0,0,0,0,0.02173913,0.033297498,0,0,0.009533361,0.00731698,0,0,0,0,0,0,0,0,0,0,0.00877193,0.011551984,0.125058929,0.050739135,0,0,0,0.106316448,0.164831752,0,0,0,0,0,0.191063688,0,0.072683972,0,0,0,0,0,0.166203446,0.024442083,0.120735885,0.024442083,0.160124668,4
1123,864218698,0.989583333,0,0.161564626,0,0.015,0.010128716,0,0,0,0,0,0,0,0,0.126436782,0.094634873,0.028427343,0.078905458,0.007874016,0.006553732,0,0,0.030534351,0.029054274,0,0,0,0,0,0,0,0,0,0,0,0,0,0,0,0,0,0,0,0,0,0,0.003376239,0,0,0,0,0.07942464,0.206902502,0.093372238,0,0.0993996,0,0,0,0,0,0,0,0,0,0,0,0.024442083,0.0436259,0.024442083,0.027648014,4
2575,843699919,1,0,0.163265306,0,0.01,0.003128616,0,1.34E-18,0,0,0,0,0.01297319,0.007951794,0,0,0.038695299,0.024981244,0,0,0,0,0.091603053,0.114332142,0,0,0.010752688,0.005330326,0,0,0.001949833,0.005299798,0,0,0.001137995,0.001096661,0,0,0,0,0.002964448,0.000574361,0,0,0,0,0.001564308,0,0,0,0.088316226,0,0.048122793,0,0,0.130383218,0,0.020804161,0,0.142905182,0,0.037188858,0.17017017,0,0,0,0,0.024588735,0.025958215,0.024588735,0.028254582,4
3852,445878036,0.625,0,0.154761905,0.484375,0.015,0.019814569,0.006564551,0.058622661,0,0,0,0,0,0,0,0,0.024004048,0.029390473,0,0,0,0,0.010178117,0.022684433,0.008130081,0.016963558,0,0,0,0,0,0,0,0,0.008970679,0.021172008,0,0,0,0,0.008687183,0.008133696,0.047113924,0.047561873,0.043859649,0.086736468,0.006604856,0.433144381,0,0,0,0,0.091267689,0,0,0.232821881,0.159719907,0,0,0,0,0.179713425,0.416761905,0,0,0.029328427,0.249583102,0.026345377,0.075590725,0.026345377,0.074450776,4
3510,967055781,0.989583333,0,0.202380952,0.375,0.005,0.003271475,0,0,0,0,0,0,0.051918721,0.048172552,0,0,0,0,0.023622047,0.002223588,0,0,0.030534351,0.012609685,0,0,0,0,0.010869565,0.006159747,0.022993311,0.056785688,0,0,0,0,0,0,0,0,0.014217976,0.02164045,0,0,0,0,0.003271475,0,0,0,0.133689672,0,0,0.010559956,0,0.043139871,0,0,0.07069023,0.129844455,0,0.292146073,0,0,0,0,0,0.026434644,0.049546989,0.026434644,0.031448079,4
124,339662587,0.822916667,0.90605428,0.911564626,0.359375,0,0,0,0,0,0,0,0,0.001985891,0.000856,0,0,0.011370937,0.021690775,0,0,0,0,0,0,0.008130081,0.021213302,0,0,0,0,0,0,0,0,0,0,0.050347222,0.154461619,0,0,0,0,0,0,0,0,0,0,0,0,0.06210703,0,0.142191544,0,0,0,0.199733244,0,0,0,0,0,0,0.07240434,0,0,0,0.026626993,0.046825401,0.026626993,0.028530595,4
2348,601778160,0.885416667,0.910229645,0.960884354,0.6875,0,0,0,0,0.025641026,0.030728416,0.002666667,0.001145857,0,0,0,0,0.103128713,0.057727997,0,0,0,0,0,0,0,0,0,0,0.032608696,0.006886132,0,0,0.007519915,0.005667543,0,0,0,0,0,0,0,0,0,0,0,0,0,0,0.058301943,0.051644547,0,0,0.041725529,0,0,0,0,0,0.026342114,0,0.071373122,0,0,0,0,0,0,0.026685441,0.035425921,0.026685441,0.036407594,4
3278,718502271,0.78125,0.910229645,0.913265306,0.40625,0.005,0.007128673,0,0,0,0,0,0,0.01946952,0.008424847,0.034482759,0.039290069,0.008528203,0.01464917,0.007874016,0.002925773,0,0,0.030534351,0.081052974,0,0,0,0,0,0,0,0,0,0,0.010252204,0.01607576,0,0,0,0,0.071089879,0.084560799,0,0,0,0,0.007128673,0,0,0,0.062348921,0.120908901,0.128041415,0.041684035,0,0.277295975,0,0,0,0,0,0.228314157,0.276888889,0,0,0,0,0.027098831,0.050291527,0.027098831,0.043873008,4
4501,943195909,0.895833333,0.693110647,0.710884354,0,0.035,0.045757797,0,0,0,0,0.002666667,0.004077713,0,0,0,0,0,0,0,0,0,0,0,0,0,0,0,0,0.010869565,0.010430892,0,0,0,0,0.022783815,0.051530165,0.020576389,0.049488761,0,0,0,0,0.012658228,0.009663426,0,0,0.006536828,0,0,0.183785343,0,0,0,0,0,0,0,0,0.119706569,0,0,0,0.399380031,0.056761904,0,0.022178764,0,0.027158342,0.054643049,0.027158342,0.040100763,4
2626,887808517,0.90625,0.91440501,0.904761905,0.109375,0,0,0,0,0,0,0.024,0.014377621,0,0,0.057471264,0.027096599,0.045483748,0.026889717,0,0,0,0,0.020356234,0.012609685,0,0,0,0,0,0,0,0,0.015253378,0.017223192,0,0,0,0,0,0,0,0,0,0,0,0,0,0,0,0.072001026,0,0.05003127,0.044068162,0,0,0.064709807,0,0,0,0,0.106930221,0,0,0,0,0,0,0.029755579,0.033096725,0.029755579,0.016156382,4
3483,946360930,0.916666667,0,0.149659864,0,0.045,0.046643523,0,0,0,0,0,0,0.051918721,0.015047587,0,0,0.051169217,0.028574437,0,0,0,0,0,0,0,0,0,0,0,0,0.010033445,0.025600719,0,0,0,0,0.001157407,0.010900608,0,0,0,0,0,0,0,0,0.005182614,0,0,0,0.04176044,0,0.041625923,0,0,0,0,0,0,0.134149212,0,0,0,0.222271616,0,0,0,0.031349628,0.044682339,0.031349628,0.033443335,4
1354,948351671,0.739583333,0,0.120748299,0,0.02,0.01508593,0,0,0,0,0,0,0.032449201,0.024959171,0,0,0,0,0,0,0.01369863,0.010380923,0,0,0,0,0,0,0,0,0,0,0,0,0,0,0.03125,0.162876889,0,0,0,0,0.037974684,0.086389868,0,0,0.003771482,0,0,0,0.110827707,0,0,0,0.187070581,0,0,0,0,0,0,0,0,0.123006759,0,0.066091826,0,0.031349628,0.08200985,0.031349628,0.043530728,4
3415,882875818,0.989583333,0,0.161564626,0,0,0,0,0,0,0,0,0,0,0,0.022988506,0.024251456,0.079596559,0.041907419,0.007874016,0.005822289,0,0,0.030534351,0.031004225,0.016260163,0.00789744,0,0,0,0,0,0,0,0,0,0,0,0,0,0,0,0,0,0,0.070175439,0.075145849,0,0,0,0,0,0.111944966,0.039245655,0.08295123,0,0.106070714,0.03717906,0,0,0,0,0,0,0,0,0,0.135144525,0.031880978,0.031622741,0.031880978,0.015986708,4
1137,868147232,0.989583333,0,0.212585034,0.46875,0,0,0.021881838,0.020247909,0,0,0,0,0,0,0.057471264,0.025267579,0.028427343,0.033496979,0.039370079,0.105649668,0,0,0,0,0,0,0,0,0.043478261,0.030421013,0,0,0,0,0,0,0,0,0,0,0,0,0,0,0.00877193,0.013483754,0,0.044881627,0,0,0,0.046654159,0.08783434,0.301042101,0,0,0,0,0.087279093,0,0,0,0,0,0,0,0.193996665,0.031880978,0.0461362,0.031880978,0.029302561,4
2652,914457536,0.90625,0,0.212585034,0.59375,0.015,0.016528808,0,0,0,0,0,0,0.116817123,0.070766458,0.022988506,0.037190083,0.011370937,0.015781092,0,0,0,0,0,0,0,0,0,0,0,0,0,0,0,0,0.017087007,0.029545337,0,0,0,0,0,0,0,0,0,0,0.005509603,0,0,0,0.08728571,0.171669794,0.103451251,0,0,0,0,0,0,0,0,0,0.305333333,0,0,0,0,0.031880978,0.057238871,0.031880978,0.029525025,4
2699,946565496,0.90625,0,0.147959184,0,0.02,0.007971542,0,0,0,0,0,0,0,0,0.045977011,0.024386939,0,0,0,0,0,0,0,0,0,0,0.010752688,0.128081595,0,0,0,0,0,0,0.006834803,0.023468545,0.014018519,0.24085984,0,0,0,0,0.151898734,0.22371122,0,0,0.001992886,0,0,0,0,0.056285178,0,0,0,0,0,0.49989998,0,0,0,0,0.606333333,0.405491548,0,0.042787087,0,0.031940489,0.152102062,0.031940489,0.091786642,4
4791,992974584,0.802083333,0,0.130952381,0,0.025,0.026757525,0,0,0,0,0.026666667,0.019012259,0,0,0,0,0.011370937,0.009384419,0,0,0,0,0,0,0,0,0,0,0.043478261,0.056687102,0.010033445,0.019357736,0,0,0,0,0,0,0,0,0.035544939,0.046597373,0,0,0.01754386,0.036046826,0.005351505,0,0,0.085689556,0,0,0.06151855,0,0,0,0,0,0.162637546,0.101435632,0,0.251625813,0,0,0,0,0.259310728,0.032943677,0.061112481,0.032943677,0.041662738,4
2564,824755714,0.989583333,0.567849687,0.692176871,0.625,0.015,0.009342991,0.002188184,0.001504302,0,0,0,0,0,0,0.045977011,0.024251456,0.03979828,0.01793964,0.039370079,0.030164721,0.010273973,0.008162629,0.010178117,0.016184595,0.040650407,0.028296207,0,0,0.02173913,0.008077404,0,0,0,0,0,0,0,0,0,0,0,0,0,0,0,0,0.00311433,0.033344448,0,0,0,0.055972483,0.033600394,0.08595248,0.19612742,0.16611074,0.053284428,0,0.046348783,0,0,0,0,0,0,0,0,0.032943677,0.028543976,0.032943677,0.023860545,4
4182,933570392,0.979166667,0,0.159863946,0,0.015,0.021814597,0,0,0,0,0,0,0.155756164,0.065393929,0.011494253,0.00677415,0,0,0.007874016,0.00348167,0,0,0,0,0,0,0,0,0,0,0,0,0,0,0,0,0,0,0,0,0,0,0.025316456,0.046438669,0,0,0.007271532,0,0,0,0.06049429,0.062539087,0,0.049604002,0,0,0,0,0,0,0,0,0,0,0,0.053291257,0,0.032943677,0.04955202,0.032943677,0.030984966,4
15,680748332,0.885416667,0.068893528,0.204081633,0.03125,0.01,0.008542979,0,0,0,0,0,0,0.051918721,0.010756321,0,0,0,0,0.015748031,0.014862928,0,0,0,0,0,0,0,0,0.054347826,0.026004591,0.026755853,0.075484692,0,0,0,0,0.016203704,0.045629946,0,0,0,0,0,0,0,0,0.00427149,0,0,0,0.029851213,0,0,0.105877449,0,0,0,0,0.059686562,0.148329019,0,0,0,0.066459213,0,0,0,0.034006376,0.050261343,0.034006376,0.025437863,4
4386,605011386,0.885416667,0.899791232,0.94047619,0.578125,0,0,0.002188184,0.003745713,0,0,0,0,0.00648984,0.004009686,0.011494253,0.0135483,0.071068356,0.028482304,0,0,0,0,0,0,0,0,0,0,0,0,0,0,0,0,0.041008817,0.041815038,0,0,0.023809524,0.021434362,0.028435952,0.022177756,0,0,0,0,0,0.083027676,0,0,0.089022256,0.125078174,0.029874029,0,0,0,0,0,0,0,0,0.14969985,0.180055556,0,0.359743898,0,0,0.034537726,0.041281611,0.034537726,0.034949833,4
2654,915317531,0.979166667,0.960334029,0.979591837,0.34375,0.03,0.045472078,0,0,0,0,0.002666667,0.01535704,0,0,0,0,0.022741874,0.028403333,0,0,0,0,0.010178117,0.007734807,0.008130081,0.053086376,0,0,0,0,0,0,0,0,0.064930627,0.13221861,0.002314815,0.016656129,0,0,0,0,0,0,0,0,0.00757868,0,0,0.692152337,0,0,0.093097498,0,0,0.079386258,0.499833278,0,0,0,0,0,0.359578947,0.169815515,0,0,0,0.035069075,0.101971516,0.035069075,0.091292282,4
2297,547966358,0.895833333,0,0.151360544,0.046875,0.03,0.030000429,0.004376368,0.010515073,0,0,0.010666667,0.015977979,0,0,0,0,0.03979828,0.046500915,0.015748031,0.018373855,0,0,0,0,0,0,0,0,0,0,0,0,0,0,0.023163147,0.028771224,0,0,0,0,0.032580492,0.029588869,0.009493671,0.00797862,0,0,0.005000071,0.116538846,0,0.180034622,0,0,0.087094786,0.13088787,0,0,0,0,0,0,0,0.174318012,0.219337071,0,0,0.0244159,0,0.035187035,0.068391848,0.035187035,0.048129472,4
2681,931155402,0.979166667,0.764091858,0.829931973,0.4375,0,0,0.006564551,0.008980685,0,0,0,0,0,0,0.057471264,0.033870749,0.028427343,0.014557037,0,0,0.010273973,0.006212956,0.152671756,0.109522262,0,0,0.010752688,0.020962534,0,0,0,0,0,0,0,0,0,0,0,0,0,0,0,0,0.00877193,0.011551984,0,0.066355452,0,0,0,0.062539087,0.038170837,0,0.149281699,0.074938848,0,0.081816363,0,0,0,0,0,0,0,0,0.166203446,0.036131775,0.028282381,0.036131775,0.022565084,4
2967,372681973,0.84375,0,0.198979592,0.5625,0.005,0.004700067,0,0,0.076923077,0.052654696,0,0,0,0,0.24137931,0.142257147,0.028427343,0.013096069,0.023622047,0.011673835,0,0,0.010178117,0.016249594,0,0,0,0,0,0,0.003809365,0.005689049,0,0,0,0,0,0,0,0,0.003554494,0.008337502,0,0,0,0,0.004700067,0,0.03330111,0,0,0.062539087,0.034339948,0.055439767,0,0.166777852,0,0,0,0.078518707,0,0.450225113,0,0,0,0,0,0.037873539,0.039239163,0.037873539,0.046338176,4
2698,945640852,0.958333333,0,0.156462585,0,0,0,0,0,0,0,0.002666667,0.003578402,0,0,0.034482759,0.072957594,0.119394839,0.136646617,0,0,0,0,0,0,0.016260163,0.056592414,0.037634409,0.034262724,0.010869565,0.014498649,0,0,0,0,0,0,0,0,0.023809524,0.021625101,0,0,0.012658228,0.010438049,0,0,0,0,0,0.161281016,0,0.224515322,0.08531164,0,0,0,0.266422141,0.038207642,0.166388796,0,0,0,0,0,0.362945178,0.02395662,0,0.039319872,0.084505058,0.039319872,0.062106329,4
4348,530729805,0.770833333,0.929018789,0.899659864,0.15625,0.015,0.015700224,0,0,0,0,0.002666667,0.002298115,0.028120477,0.007692741,0.08045977,0.060831866,0.072012144,0.04744857,0,0,0,0,0,0,0,0,0,0,0,0,0,0,0.026956532,0.016408063,0.003417401,0.003277081,0.002314815,0.006518564,0,0,0,0,0,0,0,0,0.005233408,0,0,0.103577611,0.039416732,0.080228714,0.049114796,0,0,0,0,0,0,0,0.057642944,0,0.169333333,0.066459213,0,0,0,0.039392136,0.04431007,0.039392136,0.029870563,4
4505,948303540,0.833333333,0,0.136054422,0,0,0,0.002188184,0.0012937,0,0,0,0,0.01297968,0.011826322,0.011494253,0.006706408,0.102338433,0.062058254,0,0,0,0,0,0,0.016260163,0.042497432,0,0,0,0,0.001672241,0.001122839,0.003813344,0.004670208,0,0,0.002893519,0.038413743,0,0,0.063980891,0.027550812,0.025316456,0.022619002,0,0,0,0.028676225,0,0,0.131282821,0.061913696,0.045201802,0,0,0,0.200066689,0,0,0.035302424,0.115979995,0.082652437,0,0.31331407,0,0.025956709,0,0.040116897,0.060513832,0.040116897,0.062397558,4
1481,993488527,0.78125,0,0.12755102,0,0.005,0.003528622,0,0,0,0,0.04,0.030163557,0,0,0.022988506,0.012396694,0.017056406,0.032049173,0,0,0,0,0.020356234,0.048618785,0,0,0,0,0,0,0,0,0.056883659,0.03649859,0,0,0,0,0,0,0,0,0,0,0,0,0.003528622,0,0,0.090632814,0,0.057223265,0.140063273,0,0,0.249499666,0,0,0,0,0.060763309,0,0,0,0,0,0,0.040294368,0.060523893,0.040294368,0.029906786,4
2720,960799096,0.979166667,0,0.18707483,0.25,0,0,0,0,0,0,0,0,0,0,0.011494253,0.067673757,0.176249524,0.206444055,0,0,0,0,0.010178117,0.016379591,0,0,0.016129032,0.005817231,0.010869565,0.007321963,0,0,0,0,0,0,0,0,0,0,0,0,0,0,0.00877193,0.016188232,0,0,0,0,0,0.624765478,0.087311086,0,0,0.168112075,0,0.015136361,0.084028009,0,0,0,0,0,0,0,0.232907171,0.040382572,0.089213758,0.040382572,0.035766717,4
4098,796817286,0.583333333,0.313152401,0.380952381,0.28125,0.05,0.06657238,0,0,0,0,0,0,0.038939041,0.05738582,0,0,0.017056406,0.033523303,0,0,0.01369863,0.003258119,0,0,0,0,0,0,0,0,0.017,0.04882102,0,0,0,0,0,0,0,0,0.078198867,0.116521224,0,0,0,0,0.006657238,0,0,0,0.212344753,0,0.146505608,0,0.058713304,0,0,0,0,0.15098853,0,0.28600664,0,0,0,0,0,0.041533475,0.111318486,0.041533475,0.049592769,4
1340,942905738,0.989583333,0,0.226190476,0.59375,0,0,0.004376368,0.001504302,0,0,0.024,0.042831994,0.011525956,0.015599482,0.011494253,0.010093483,0.073911091,0.150229675,0,0,0,0,0,0,0.105691057,0.096150441,0,0,0,0,0,0,0,0,0,0,0,0,0,0,0,0,0,0,0.01754386,0.034694587,0,0.016672224,0,0.214496377,0.195009338,0.09318324,0.151509922,0,0,0,0.069638597,0,0,0,0,0,0,0,0,0,0.249583102,0.044395324,0.11697295,0.044395324,0.046545421,4
2592,863952933,1,0,0.163265306,0,0.085,0.072243889,0,0,0,0,0,0,0,0,0.045977011,0.032312695,0.034112811,0.060465667,0,0,0,0,0,0,0,0,0,0,0,0,0.044314381,0.142660379,0,0,0,0,0,0,0,0,0.014217976,0.021010505,0,0,0,0,0.004249641,0,0,0,0,0.074577861,0.132125395,0,0,0,0,0,0,0.169256251,0,0.283641821,0,0,0,0,0,0.044899044,0.104089425,0.044899044,0.035265605,4
2105,358349389,0.479166667,0.286012526,0.348639456,0.34375,0,0,0,0,0,0,0.016,0.010479147,0.025959361,0.025195697,0.045977011,0.017883756,0.017056406,0.029837977,0.007874016,0.002925773,0.034246575,0.021091123,0,0,0.008130081,0.003860183,0,0,0,0,0.031772575,0.087356838,0,0,0,0,0,0,0.119047619,0.124099948,0,0,0,0,0,0,0,0,0,0.078717061,0.139847462,0.041275797,0.13039977,0.041684035,0.152029981,0,0.036345448,0,0,0.144554137,0,0,0,0,0.416566627,0,0,0.046227418,0.10055287,0.046227418,0.053734489,4
1484,993746320,0.78125,0,0.12755102,0,0,0,0,0,0,0,0.002666667,0.001529943,0,0,0,0,0.096652965,0.269370994,0,0,0,0,0,0,0,0,0,0,0.010869565,0.005782026,0,0,0.056773072,0.056358964,0,0,0,0,0,0,0,0,0,0,0.087719298,0.074991307,0,0,0,0.068955568,0,0,0.207745013,0,0,0,0,0,0.066355452,0,0.094009871,0,0,0,0,0,0.107893274,0.046639745,0.143987604,0.046639745,0.031868024,4
3364,822997623,1,0,0.163265306,0,0.025,0.022428892,0,0,0,0,0,0,0.051918721,0.016827167,0.034482759,0.02804498,0.079596559,0.08220909,0.039370079,0.059949092,0.006849315,0.00533777,0.020356234,0.050568736,0,0,0.005376344,0.007662344,0,0,0.014866221,0.021244105,0,0,0,0,0,0,0,0,0,0,0,0,0,0,0.004485778,0,0,0,0.046699175,0.08630394,0.076987551,0.170821175,0.192379763,0.259506338,0,0.059811962,0,0.075131818,0,0,0,0,0,0,0,0.047231668,0.074378336,0.047231668,0.040142401,4
780,667359327,0.927083333,0.943632568,0.947278912,0.25,0.005,0.004985786,0.052516411,0.059570371,0,0,0,0,0,0,0,0,0.045483748,0.041288811,0,0,0,0,0,0,0.056910569,0.055884124,0,0,0.010869565,0.004038702,0,0,0.015253378,0.013387292,0,0,0,0,0,0,0,0,0,0,0.00877193,0.006915736,0.004985786,0.055018339,0,0,0,0,0.067666091,0,0,0,0.075167913,0,0.046348783,0,0.083115027,0,0,0,0,0,0.099499722,0.048884166,0.053516181,0.048884166,0.02569399,4
349,476405378,0.78125,0.417536534,0.528911565,0.5625,0.09,0.077429678,0,0,0,0,0,0,0,0,0.034482759,0.035902994,0.051169217,0.06279532,0,0,0.003424658,0.003110811,0,0,0,0,0,0,0,0,0.033444816,0.101474661,0.015253378,0.047143213,0,0,0,0,0.023809524,0.001788184,0,0,0,0,0,0,0.004301649,0,0,0,0,0.11048572,0.091477327,0,0.224234853,0,0,0,0,0.159519887,0.292688735,0,0,0,0.030012005,0,0,0.048884166,0.114442527,0.048884166,0.047839096,4
4090,776028888,0.989583333,0.231732777,0.403061224,0.484375,0.04,0.049529279,0,0,0,0,0,0,0.023889102,0.021264853,0.011494253,0.009416068,0.005685469,0.001316188,0,0,0,0,0.010178117,0.038934027,0,0,0,0,0.010869565,0.004329256,0.003344482,0.01166255,0,0,0.034174014,0.078185478,0.032407407,0.034707537,0,0,0.007108988,0.027773146,0.056962025,0.118459274,0,0,0.00619116,0,0,0,0.12825809,0.086929331,0.017256255,0,0,0.399599733,0,0,0.049683228,0.183337256,0,0.749874937,0.404,0.025275458,0,0.0604175,0,0.049076514,0.112128423,0.049076514,0.089863094,4
4218,992493452,0.802083333,0,0.130952381,0,0.015,0.018143116,0.006564551,0.009010771,0,0,0.016,0.01549147,0.01297968,0.008988005,0.011494253,0.012125728,0.022741874,0.024954921,0.031496063,0.017466866,0,0,0.091603053,0.0679883,0.06504065,0.083224139,0,0,0,0,0,0,0.011440033,0.015861447,0,0,0,0,0,0,0,0,0.003164557,0.001684806,0.026315789,0.053973651,0.006047705,0.066577748,0,0.116368532,0.099774944,0.111944966,0.081794651,0.062213422,0,0.07753317,0.097949316,0,0,0,0.131301103,0,0,0,0,0.015467354,0.258847508,0.049149841,0.071400184,0.049149841,0.057180182,4
3526,989250782,0.802083333,0.893528184,0.858843537,0,0.1,0.120701724,0,0,0,0,0.010666667,0.007150402,0.050296261,0.030207805,0.011494253,0.006977374,0,0,0,0,0,0,0,0,0,0,0,0,0,0,0.033444816,0.051575717,0,0,0,0,0.001157407,0.011990669,0,0,0,0,0.025316456,0.027073086,0.00877193,0.016188232,0.006035086,0,0,0.080568379,0.086537763,0.06441526,0,0,0,0,0,0,0,0.081077901,0,0,0,0.244498778,0,0.031068047,0.232907171,0.049149841,0.090868846,0.049149841,0.053047394,4
1351,947634069,0.864583333,0,0.141156463,0,0.005,0.007485821,0,0,0,0,0.042666667,0.023755721,0,0,0.057471264,0.041525539,0.005685469,0.002092739,0,0,0.075342466,0.042754151,0.010178117,0.038934027,0,0,0.005376344,0.007662344,0,0,0,0,0,0,0,0,0,0,0,0,0,0,0,0,0,0,0.007485821,0,0,0.066917917,0,0.076672921,0.027437446,0,0.140082903,0.399599733,0,0.059811962,0,0,0,0,0,0,0,0,0,0.049946865,0.054024278,0.049946865,0.030854873,4
4508,948915616,0.8125,0,0.132653061,0,0.035,0.034471921,0,0,0,0,0,0,0.040561501,0.021343695,0.011494253,0.016867633,0.113237476,0.0819985,0,0,0,0,0,0,0,0,0,0,0,0,0.026755853,0.079841305,0,0,0.006455471,0.020475306,0,0,0.071428571,0.007152735,0,0,0,0,0,0,0.00492456,0,0,0,0.075818955,0.155722326,0.053977241,0,0,0,0,0,0,0.156889856,0,0,0.560084701,0,0.040016006,0,0,0.050006376,0.090084062,0.050006376,0.040235781,4
2764,992999219,0.802083333,0,0.130952381,0,0.025005,0.040129145,0.002188184,0.005250015,0,0,0,0,0.066157431,0.066092245,0.022988506,0.021203089,0.076753825,0.041065059,0,0,0,0,0,0,0,0,0,0,0,0,0.004551839,0.006587319,0.01716005,0.018316423,0.010963024,0.015727409,0.01356713,0.022673265,0,0,0,0,0.012658228,0.010844727,0,0,0.008024224,0.116372124,0,0,0.143944167,0.097873671,0.039881124,0,0,0,0,0,0,0.076086537,0.101082268,0,0.253325021,0.039440792,0,0.024889995,0,0.050611052,0.088177442,0.050611052,0.053416467,4
2701,947599312,0.864583333,0,0.141156463,0,0.095,0.10881584,0.002188184,0.002391841,0,0,0.026666667,0.031303012,0.021091981,0.022233485,0,0,0,0,0,0,0,0,0,0,0,0,0,0,0,0,0.008361204,0.009327045,0,0,0,0,0.009259259,0.111098999,0.023809524,0.035739831,0,0,0.090189873,0.152387776,0,0,0.005727149,0.053017673,0,0.141084824,0.151884125,0,0,0,0,0,0,0,0,0.058649094,0,0,0,0.283174039,0.599839936,0.049087562,0,0.050876727,0.14904342,0.050876727,0.082614043,4
3474,933022295,0.979166667,0,0.159863946,0,0.005,0.004214346,0,0,0,0,0,0,0,0,0,0,0,0,0,0,0,0,0,0,0,0,0,0,0,0,0.157190635,0.137150984,0,0,0,0,0,0,0,0,0,0,0,0,0,0,0.004214346,0,0,0,0,0,0,0,0,0,0,0,0,0.045873122,0,0,0,0,0,0,0,0.051009564,0.047066873,0.051009564,0.006998884,4
2420,677038234,0.802083333,0.002087683,0.197278912,0.59375,0.02,0.014343062,0.008752735,0.001263614,0,0,0,0,0.063457657,0.035625387,0.034482759,0.022286953,0.036324458,0.010239941,0.023622047,0.055472659,0,0,0.04297201,0.040428989,0,0,0,0,0,0,0.013377926,0.038895127,0.001906672,0.001726155,0.011106555,0.024952263,0,0,0,0,0.003554494,0.005558335,0.012658228,0.058077385,0.052631579,0.05196461,0.003585766,0.007002334,0,0,0.080890544,0.068584532,0.021013252,0.263443101,0,0.098281216,0,0,0,0.152859496,0.085734699,0.300150075,0.396717949,0,0,0.133294813,0.124606263,0.052751328,0.086185299,0.052751328,0.100486962,4
4199,959412164,0.958333333,0.407098121,0.545918367,0.53125,0,0,0.019693654,0.007235694,0,0,0,0,0,0,0,0,0.034112811,0.023493952,0.007874016,0.006992598,0,0,0.214870229,0.100357491,0.024390244,0.015830294,0.016129032,0.003382707,0.086956522,0.045907546,0,0,0,0,0,0,0,0,0,0,0,0,0,0,0,0,0,0.017820755,0,0,0,0,0.05133736,0.099624844,0,0.048790678,0.049683228,0.00880176,0.065855285,0,0,0,0,0,0,0,0,0.054315622,0.030727283,0.054315622,0.015051382,4
2725,962765921,0.916666667,0.912317328,0.93707483,0.40625,0.005,0.001071444,0,0,0,0,0,0,0,0,0.022988506,0.011380572,0.062540154,0.043960672,0,0,0.023972603,0.015969984,0.010178117,0.019434514,0.008130081,0.007047491,0.080645161,0.053354518,0,0,0.005759197,0.014252564,0.015253378,0.016503961,0,0,0.009388889,0.054197824,0.023809524,0.001788184,0.014217976,0.019454172,0.012658228,0.005790309,0,0,0.001071444,0,0,0,0,0.052532833,0.052396266,0,0.16445079,0.199466311,0.066355452,0.027765553,0,0.130111915,0.102464873,0.262631316,0,0.136234526,0.030012005,0.01328948,0,0.055024442,0.07288926,0.055024442,0.055111312,4
2769,993585983,0.78125,0,0.12755102,0,0.015,0.013243046,0,0,0,0,0.010666667,0.007464072,0.051918721,0.027403278,0.011494253,0.00677415,0.042641014,0.038050989,0,0,0,0,0,0,0,0,0,0,0,0,0.016722408,0.034388802,0.015253378,0.011200829,0,0,0.021990741,0.053260372,0,0,0.007108988,0.003687029,0,0,0.078947368,0.078275316,0.004414349,0,0,0.084102712,0.076050263,0.062539087,0.066517112,0,0,0,0,0,0,0.108119558,0.069540367,0.099549775,0,0.057158901,0,0,0.125131246,0.055260361,0.078226792,0.055260361,0.040325729,4
2380,632188496,0.635416667,0.016701461,0.192176871,0.6875,0.02,0.035714796,0,0,0,0,0,0,0.107082363,0.047181393,0.034482759,0.02486113,0.017056406,0.034826329,0,0,0,0,0,0,0.073170732,0.292311506,0,0,0,0,0,0,0.061966847,0.082136213,0.003417401,0.003057749,0,0,0,0,0,0,0.012658228,0.048781905,0,0,0.008928699,0,0,0,0.063485568,0.07650615,0.152200173,0,0,0,0.305805639,0,0,0,0.125524392,0,0.158,0,0,0.111960532,0,0.057120085,0.146779622,0.057120085,0.086906958,4
3839,429347230,0.854166667,0.929018789,0.962585034,0.609375,0.03,0.015600223,0,0,0,0,0.024,0.019678008,0.01946952,0.010114321,0.011494253,0.007519306,0.088124762,0.064716954,0.031496063,0.060183153,0.010273973,0.009159128,0,0,0.008130081,0.001664483,0,0,0.02173913,0.031902839,0.01226087,0.016318587,0.015253378,0.015794319,0.001137995,0.002141714,0.00462963,0.022324446,0.023809524,0.015473749,0,0,0,0,0,0,0.002600037,0,0,0.098544592,0.074852046,0.069418386,0.054741295,0.21436015,0.220070789,0,0.015671891,0,0.18306102,0.069975709,0.098059062,0,0.332332332,0.113803067,0.259703882,0,0,0.058978746,0.094712271,0.058978746,0.072604942,4
3349,791901838,0.875,0.88308977,0.882653061,0.1875,0.075,0.04830069,0,0,0,0,0,0,0.022714441,0.017716957,0.022988506,0.019238586,0.048326482,0.065769904,0.007874016,0.017525381,0,0,0.010178117,0.002599935,0,0,0,0,0,0,0,0,0.078173561,0.082884213,0,0,0,0,0,0,0.028435952,0.041613399,0,0,0,0,0.003220046,0,0,0,0.112385239,0.088805503,0.10144648,0.24968737,0,0.026684456,0,0,0,0,0.100407182,0.280890445,0,0,0,0,0,0.058979809,0.108979228,0.058979809,0.043240913,4
2666,921687372,0.989583333,0,0.161564626,0,0.005,0.0059858,0,0,0,0,0,0,0,0,0.011494253,0.005690286,0.045483748,0.054924517,0,0,0.119863014,0.074442827,0.020356234,0.032499188,0,0,0,0,0,0,0,0,0,0,0,0,0,0,0,0,0,0,0,0,0.087719298,0.076304911,0.0059858,0,0,0,0,0.052532833,0.090012942,0,0.153314893,0.166777852,0,0,0,0,0,0,0,0,0,0,0.109783213,0.060573858,0.078689613,0.060573858,0.024537238,4
2767,993396241,0.791666667,0,0.129251701,0,0.005,0.006271518,0.002188184,0.001323786,0,0,0,0,0,0,0,0,0.011370937,0.014451742,0,0,0.006849315,0.010207618,0,0,0.235772358,0.321670149,0,0,0,0,0,0,0,0,0,0,0,0,0,0,0.142179758,0.038148704,0,0,0.026315789,0.055712244,0.006271518,0.029343114,0,0,0,0,0.094736842,0,0.367895066,0,0.104437111,0,0,0,0,0.05150075,0,0,0,0,0.267185473,0.061636557,0.076903728,0.061636557,0.036598002,4
4883,994148278,0.75,0,0.12244898,0,0,0,0.013129103,0.005686263,0.025641026,0.018535437,0,0,0,0,0,0,0.011370937,0.005896521,0.05511811,0.025951608,0.102739726,0.069035735,0,0,0,0,0.010752688,0.015196556,0,0,0.008317726,0.018414552,0.002966782,0.003634515,0,0,0,0,0,0,0.053317409,0.042965927,0,0,0.00877193,0.023142603,0,0.021007002,0.035167839,0,0,0,0.038654012,0.052819627,0.165875495,0,0,0.059311862,0,0.116397217,0.116014892,0.154677339,0,0,0,0,0.332962757,0.063512221,0.079258078,0.063512221,0.05601079,4
2616,881846869,0.989583333,0,0.161564626,0,0.05,0.024400349,0,0,0.051282051,0.010717172,0,0,0.00648984,0.002691896,0.022988506,0.018357946,0.051169217,0.064111507,0,0,0.01369863,0.012703199,0,0,0.178861789,0.31221447,0.02688172,0.019091794,0,0,0,0,0,0,0,0,0.009259259,0.04569535,0.023809524,0.024748462,0,0,0,0,0.01754386,0.031178766,0.002440035,0,0.010167006,0,0.059764941,0.084740463,0.093394689,0,0.228919425,0,0.133620298,0.029805961,0,0,0,0,0,0.116470327,0.415366146,0,0.224291273,0.065887354,0.113526947,0.065887354,0.061047293,4
2703,949635270,0.8125,0,0.132653061,0,0.033335,0.025657509,0,0,0,0,0,0,0.060842251,0.0494115,0.045977011,0.027096599,0.119394839,0.07099517,0,0,0,0,0,0,0,0,0,0,0,0,0.014214047,0.037427951,0.005720017,0.003586567,0.038162122,0.042976209,0,0,0.119047619,0.011921225,0,0,0,0,0,0,0.003848434,0,0,0,0.117015921,0.062539087,0.044323925,0,0,0,0,0,0,0.138440879,0.059379217,0,0.198859736,0,0.040016006,0,0,0.066906482,0.093479759,0.066906482,0.033286884,4
3539,993032044,0.791666667,0,0.129251701,0,0.01,0.007042958,0,0,0,0,0.018666667,0.012886086,0.045428881,0.048690657,0.149425287,0.064354424,0.011370937,0.018847809,0.039370079,0.035752948,0.006849315,0.004141971,0.010178117,0.025934352,0,0,0.005376344,0.004587156,0,0,0,0,0.003813344,0.006319646,0,0,0,0,0.095238095,0.00953698,0.099525831,0.034498731,0.056962025,0.113230567,0,3.43E-18,0.003521479,0,0,0.082969252,0.154431465,0.04570164,0.123554789,0.101875782,0.149281699,0.266177452,0,0.035807161,0,0,0.156942129,0.066533267,0,0,0.040016006,0.057750715,0,0.067481403,0.101403052,0.067481403,0.074193247,4
2229,484948047,0.989583333,0,0.234693878,0.671875,0.005,0.008557265,0,0,0,0,0.024,0.029350575,0.166665585,0.104601002,0.057471264,0.055751253,0.051169217,0.019321637,0,0,0,0,0,0,0.048780488,0.101781351,0,0,0,0,0,0,0,0,0.015378306,0.016811168,0,0,0.023809524,0.012493443,0,0,0.025316456,0.060962857,0.00877193,0.025074373,0.008557265,0,0,0.146983394,0.090429912,0.102939337,0.02814687,0,0,0,0.159719907,0,0,0,0,0,0.193037037,0,0.209683874,0.069958665,0.360755976,0.068205101,0.126571453,0.068205101,0.075905946,4
2673,925631400,0.979166667,0.822546973,0.829931973,0,0.015,0.007471535,0.004376368,0.003926229,0,0,0.002666667,0.001670774,0.061646992,0.029509489,0,0,0.068219937,0.056503942,0.007874016,0.005237134,0,0,0.020356234,0.027819305,0.195121951,0.200410809,0.037634409,0.025293424,0.032608696,0.018421129,0,0,0,0,0,0,0,0,0,0,0,0,0.012658228,0.008695147,0.00877193,0.007688444,0.002490512,0.043514505,0,0.075302943,0.06897187,0,0.061739399,0.074614423,0,0.142761841,0.07862343,0.028205641,0.070467934,0,0,0,0,0,0,0.019956443,0.110617009,0.070667375,0.08246764,0.070667375,0.040408529,4
2765,993110683,0.791666667,0,0.129251701,0,0.005,0.00427149,0.004376368,0.000752151,0.025641026,0.004199023,0.005333333,0.00718881,0,0,0.011494253,0.020254708,0.005685469,0.007883965,0.062992126,0.056408906,0,0,0.010178117,0.025284368,0.056910569,0.15277827,0,0,0.108695652,0.092338089,0,0,0.01017019,0.017875295,0.017087007,0.017998142,0.024305556,0.215635832,0.285714286,0.057174193,0.014217976,0.013302948,0.012658228,0.009663426,0,0,0.00427149,0.008336112,0.007966932,0.162002308,0,0.18699187,0.10336497,0.100458524,0,0.259506338,0.20549707,0,0.105968656,0,0.166447401,0.179589795,0.186,0.209379862,0.079965319,0.022178764,0,0.071378321,0.14630674,0.071378321,0.093777507,4
4255,1031640541,0.677083333,0.196242171,0.278911565,0.078125,0.094165,0.034943356,0,0,0,0,0,0,0.071394732,0.056991609,0.034482759,0.051415797,0.028182867,0.058517709,0,0,0.006849315,0.005528405,0,0,0.048780488,0.175124836,0,0,0,0,0.004598662,0.0086234,0.054866399,0.073160206,0.007976215,0.020462404,0,0,0,0,0.018163464,0.017731088,0,0,0.00877193,0.019279063,0.001855432,0,0,0,0.115018301,0.15822389,0.154773677,0,0.199250468,0,0.274813827,0,0,0.098590043,0.126276144,0.18737353,0.453013425,0,0,0,0.27737632,0.071671626,0.148107717,0.071671626,0.076931658,4
2697,943910919,0.979166667,0,0.159863946,0,0.01,0.011214446,0.032822757,0.004437692,0,0,0,0,0,0,0.114942529,0.04748679,0.089546129,0.045566421,0,0,0,0,0.030534351,0.0280143,0,0,0.021505376,0.021731331,0.065217391,0.039050469,0.008361204,0.014851411,0.011756541,0.009724007,0,0,0,0,0.119047619,0.008344857,0.003554494,0.003520279,0,0,0.00877193,0.016188232,0.005607223,0.006557741,0,0,0,0.0438399,0.037930893,0,0,0.095841672,0,0.042408482,0.074691564,0.093386679,0.078328274,0.190095048,0,0,0.028011204,0,0.232907171,0.072086079,0.053984033,0.072086079,0.041092634,4
2618,882447196,0.90625,0,0.147959184,0,0.02,0.097087101,0,0,0,0,0,0,0.154944934,0.170817143,0.08045977,0.059544777,0.056144002,0.060373534,0,0,0,0,0.040712468,0.123366916,0,0,0,0,0.108695652,0.089200105,0,0,0,0,0.002183719,0.002464262,0,0,0.214285714,0.04098517,0,0,0,0,0,0,0.024271775,0,0,0,0.158845994,0.078531225,0.080156398,0,0,0.316544363,0,0,0.102367456,0,0,0,0.199269692,0,0.076430572,0,0,0.072676939,0.17207882,0.072676939,0.059939534,4
2640,903614113,0.895833333,0.908141962,0.923469388,0.34375,0,0,0.021881838,0.024129009,0,0,0,0,0.014965571,0.009348426,0.034482759,0.02032245,0.099495699,0.093501981,0.039370079,0.024430206,0,0,0.050890585,0.079948001,0.032520325,0.053015547,0,0,0.206521739,0.143185054,0,0,0,0,0,0,0,0,0,0,0,0,0,0,0.043859649,0.034192327,0,0.053484495,0,0,0.090005155,0.062539087,0.070050536,0.069612338,0,0.164109406,0.124791597,0,0.086484969,0,0,0,0,0,0,0,0.098387993,0.075245484,0.096151041,0.075245484,0.032141772,4
3126,547578898,1,0.931106472,0.981292517,0.546875,0.025,0.020714582,0,0,0,0,0,0,0,0,0.034482759,0.040983607,0.085282028,0.091685642,0.015748031,0.013107464,0,0,0.010178117,0.019434514,0,0,0.005376344,0.007969863,0,0,0.032702341,0.116430871,0.038240218,0.040497516,0,0,0.009259259,0.043515228,0,0,0.106634818,0.033146203,0.013012658,0.013129866,0.043859649,0.040760345,0.004142916,0,0,0,0,0.126120492,0.08013805,0.093372238,0,0.199466311,0,0.062212442,0,0.18718685,0.100290751,0.059663165,0,0.110913536,0,0.029313884,0.117287382,0.076337938,0.13832811,0.076337938,0.06422012,4
2615,881710271,0.989583333,0,0.161564626,0,0.06,0.054729353,0.010940919,0.025287322,0,0,0,0,0.063814598,0.039680126,0,0,0.133136616,0.200271135,0,0,0,0,0.040712468,0.103737407,0,0,0,0,0,0,0.002508361,0.008533573,0.0686402,0.059024914,0.003417401,0.008373329,0,0,0,0,0,0,0,0,0,0,0.004560779,0.112104035,0,0,0.089593231,0,0.112128446,0,0,0.266177452,0,0,0,0.178865615,0.081434733,0,0.432666667,0,0,0,0,0.078639745,0.166620552,0.078639745,0.054478809,4
2751,986342491,0.989583333,0.947807933,0.989795918,0.515625,0.075,0.08820126,0,0,0,0,0.002666667,0.001914029,0.081486433,0.061294138,0,0,0.096652965,0.108730274,0.015748031,0.025220164,0.047945205,0.018968147,0,0,0,0,0,0,0.043478261,0.120899555,0,0,0,0,0,0,0,0,0.095238095,0.00953698,0,0,0,0,0.043859649,0.065486999,0.005880084,0,0,0.08626659,0.108381667,0,0.08385525,0.179658191,0.097662175,0,0,0,0.346865622,0,0,0,0,0,0.040016006,0,0.188438021,0.079230606,0.147815938,0.079230606,0.052808849,4
3615,1026039998,0.770833333,0.338204593,0.416666667,0.140625,0.035,0.029614709,0,0,0,0,0,0,0,0,0.045977011,0.032786885,0.034112811,0.014622846,0.007874016,0.001726206,0,0,0.142493639,0.154111147,0,0,0,0,0,0,0.068561873,0.166165132,0,0,0,0,0,0,0,0,0.094186981,0.149241287,0,0,0.078947368,0.099408878,0.004230673,0,0,0,0,0.075672295,0.031952833,0.024593581,0,0.112980082,0,0,0,0.12742166,0,0.304137275,0,0,0,0,0.158915447,0.079435707,0.139475101,0.079435707,0.032371042,4
3216,647087840,0.729166667,0,0.164965986,0.421875,0,0,0,0,0,0,0,0,0.071388242,0.03232528,0,0,0.038376912,0.041104545,0,0,0.003424658,0.002157638,0.030534351,0.066168346,0.18699187,0.081205511,0.11827957,0.102250013,0,0,0,0,0,0,0,0,0,0,0,0,0.021326964,0.011079614,0,0,0.043859649,0.055441796,0,0,0,0,0.065243584,0,0.079838942,0,0.155527795,0.226373138,0.033242965,0.036279983,0,0,0,0.099716525,0,0,0,0,0.159533074,0.079436769,0.077854523,0.079436769,0.029704735,4
2263,513488858,0.947916667,0,0.222789116,0.625,0.005,0.00427149,0,0,0,0,0.032,0.01223314,0,0,0.011494253,0.010906381,0,0,0.007874016,0.005266392,0.167808219,0.096079859,0,0,0,0,0,0,0.010869565,0.001423715,0.000742475,0.002994236,0,0,0,0,0,0,0,0,0,0,0,0,0.087719298,0.06220299,0.00427149,0,0,0.045946336,0,0.10068793,0,0.075031263,0.141340234,0,0,0,0.01633878,0.212026571,0,0,0,0,0,0,0.089494163,0.079938363,0.077462132,0.079938363,0.030520959,4
2690,937644433,0.979166667,0.951983299,1,0.59375,0,0,0,0,0,0,0.168,0.092923215,0.038939041,0.015610745,0.011494253,0.023641783,0.009000097,0.009476552,0.047244094,0.069457854,0,0,0,0,0,0,0,0,0,0,0,0,0,0,0,0,0,0,0,0,0,0,0.037974684,0.064080716,0,0,0,0,0,0.066477986,0.057764441,0.218261413,0.078487074,0.164929832,0,0,0,0,0,0,0,0,0,0,0,0.049024401,0,0.085635494,0.113461548,0.085635494,0.039485021,4
3491,948340914,0.833333333,0,0.136054422,0,0.145,0.161930885,0,0,0,0,0,0,0,0,0.022988506,0.0135483,0.011370937,0.00406702,0,0,0,0,0.040712468,0.012999675,0,0,0,0,0,0,0.077759197,0.227382289,0.046820243,0.074349335,0.002990226,0.008799092,0,0,0,0,0.056672851,0.105256332,0,0,0,0,0.005583824,0,0,0,0,0.062539087,0.026660915,0,0,0.03335557,0,0,0,0.153741424,0.150382147,0.356487827,0.519619048,0,0,0,0,0.086477152,0.207504741,0.086477152,0.049602305,4
3377,843634791,1,0,0.163265306,0,0.03,0.018743125,0.028446389,0.022910524,0,0,0.016,0.011164101,0.022714441,0.014585797,0.045977011,0.052228695,0.030559393,0.018676705,0.015748031,0.042365195,0.034246575,0.015727358,0,0,0.081300813,0.147607749,0,0,0.076086957,0.038440306,0.006688963,0.04325174,0.011440033,0.014365446,0,0,0,0,0.023809524,0.011420533,0,0,0,0,0.087719298,0.026658424,0.003123854,0.039064304,0,0.083862281,0.092523131,0.12054409,0.045556514,0.301792414,0.113366646,0,0.13897966,0,0.063021007,0.339962344,0.118917203,0,0,0,0.191676671,0,0.038354641,0.088071201,0.112052963,0.088071201,0.077949264,4
4131,868245853,0.895833333,0.931106472,0.982993197,0.71875,0.045,0.16667381,0,0,0,0,0,0,0.117719211,0.058759926,0.022988506,0.0135483,0.079596559,0.046342972,0,0,0,0,0.010178117,0.00838479,0.024390244,0.028225378,0.021505376,0.010148122,0.02173913,0.010982944,0,0,0.005720017,0.005025029,0.075705693,0.079269237,0.000965278,0.001591489,0,0,0,0,0.037974684,0.041771564,0.026315789,0.008847506,0.018519312,0,0,0,0.071921062,0.062539087,0.043399482,0,0,0.086057372,0.088585084,0.019803961,0.063021007,0,0.083194411,0,0.184895951,0.038910858,0,0.031956976,0.04243098,0.088426142,0.157620698,0.088426142,0.060217758,4
4035,678973686,0.572916667,0.670146138,0.676870748,0.34375,0.015,0.008428692,0,0,0,0,0.162666667,0.1522325,0,0,0.08045977,0.200379352,0,0,0,0,0,0,0,0,0,0,0,0,0.086956522,0.044251387,0,0,0,0,0,0,0,0,0.047619048,0.03991226,0.024881458,0.027754618,0,0,0.00877193,0.009620214,0.002809564,0,0,0.112479071,0,0.264272313,0,0,0,0,0,0,0.063479493,0,0,0.214107054,0,0,0.334933974,0,0.138410228,0.090860786,0.161851485,0.090860786,0.038764347,4
3475,933210353,0.979166667,0,0.159863946,0,0.01,0.008114402,0.008752735,0.001504302,0,0,0,0,0,0,0.057471264,0.033870749,0.005685469,0.006567777,0,0,0.226027397,0.140870334,0.040712468,0.023789405,0.008130081,0.008818217,0,0,0.02173913,0.008658512,0,0,0,0,0,0,0,0,0,0,0,0,0,0,0.01754386,0.025035738,0.004057201,0.008336112,0,0,0,0.062539087,0.086108714,0,0.153852706,0.061040694,0.083027676,0,0.049683228,0,0,0,0,0,0,0,0.180100056,0.092454835,0.097519381,0.092454835,0.02811209,4
4818,381338649,0.90625,0.298538622,0.474489796,0.765625,0.005,0.005557222,0,0,0,0,0,0,0,0,0.045977011,0.216501829,0.289958894,0.243297314,0.023622047,0.019661195,0.068493151,0.062562823,0.010178117,0.016184595,0,0,0,0,0,0,0,0,0.003813344,0.006223748,0,0,0.005657407,0.023959537,0.023809524,0.016665872,0,0,0,0,0.026315789,0.077154889,0.005557222,0,0,0,0,0.499687305,0.062545467,0.093372238,0.225484072,0.16611074,0,0,0,0,0.15456061,0,0,0.099949471,0.279711885,0,0.370020382,0.092926674,0.173834521,0.092926674,0.069255137,4
1361,949409601,0.802083333,0,0.130952381,0,0,0,0,0,0,0,0.226666667,0.238479019,0,0,0.011494253,0.00541932,0,0,0,0,0,0,0,0,0,0,0,0,0,0,0,0,0,0,0,0,0,0,0,0,0,0,0,0,0.01754386,0.038558127,0,0,0,0.126451919,0,0.05003127,0,0,0,0,0,0,0,0,0,0,0,0,0,0,0.27737632,0.093517535,0.192332265,0.093517535,0.014532813,4
4210,967693722,0.989583333,0.912317328,0.94047619,0.328125,0.045,0.025286076,0,0,0,0,0.018666667,0.008219441,0.028756482,0.030500648,0.126436782,0.1039832,0.073911091,0.13589639,0.141732283,0.120541853,0,0,0.030534351,0.028274293,0.016260163,0.042426603,0,0,0.043478261,0.022111166,0.007943144,0.006826858,0.007626689,0.014499703,0.004555396,0.00436084,0,0,0,0,0.009476281,0.013692031,0.025316456,0.015066424,0.070175439,0.008615694,0.002809564,0,0,0.052922265,0.152825388,0.087270453,0.13705449,0.095410125,0,0.096731154,0.199733244,0,0.063437813,0.045187103,0.180042867,0.277332965,0.169042261,0,0,0.017289657,0.015494719,0.094019129,0.141271047,0.094019129,0.075158017,4
4170,915058044,0.71875,0.8434238,0.829931973,0.234375,0.035,0.09177274,0,0,0,0,0.093333333,0.099772749,0.00648984,0.011251901,0.172413793,0.272456307,0.045483748,0.079892599,0,0,0,0,0.010178117,0.003249919,0.032520325,0.062364982,0,0,0,0,0,0,0.059106838,0.083143137,0.006834803,0.007650823,0,0,0.023809524,0.014233942,0,0,0,0,0,0,0.013110391,0,0,0.128480752,0.249812453,0.167688138,0.130931838,0,0,0.03335557,0.146798933,0,0,0,0.133211441,0,0.197666667,0,0.238895558,0,0,0.095111583,0.224729728,0.095111583,0.076172756,4
2714,958569618,0.96875,0.707724426,0.777210884,0.390625,0,0,0,0,0,0,0,0,0,0,0.011494253,0.040577158,0.051169217,0.035616042,0,0,0,0,0.081424936,0.09119272,0.016260163,0.102631299,0.021505376,0.040233714,0.684782609,0.730801639,0,0,0,0,0,0,0,0,0,0,0,0,0,0,0.026315789,0.094965808,0,0,0,0,0,0.374609131,0.051883808,0,0,0.116994663,0.483161054,0.078515703,0.13312374,0,0,0,0,0,0,0,0.455438206,0.095642933,0.184554862,0.095642933,0.059073888,4
4179,929425791,0.979166667,0,0.159863946,0,0.215,0.139787711,0.010940919,0.015404056,0,0,0,0,0,0,0.08045977,0.079054329,0.096652965,0.06097898,0.039370079,0.028379999,0.020547945,0.01436692,0.010178117,0.017484563,0.008130081,0.026667139,0,0,0,0,0,0,0,0,0,0,0,0,0,0,0,0,0,0,0.043859649,0.038442221,0.003250877,0.06828943,0,0,0,0.104261592,0.047028371,0.080867028,0.172600458,0.179452969,0.251083695,0,0,0,0,0,0,0,0,0,0.110617009,0.095642933,0.106418621,0.095642933,0.036613883,4
2689,936852995,0.979166667,0.935281837,0.969387755,0.4375,0.1,0.109058701,0.002188184,0.017886154,0,0,0.002666667,0.001529943,0.093018879,0.050605395,0.068965517,0.065031839,0.075338143,0.101872935,0.118110236,0.107375874,0,0,0,0,0,0,0,0,0,0,0,0,0.003813344,0.007662211,0.041008817,0.046369407,0,0,0.023809524,0.001788184,0,0,0.012658228,0.019346218,0.043859649,0.06069621,0.005452935,0.396465488,0,0.068955568,0.078387698,0.100062539,0.100794972,0.101986939,0,0,0,0,0,0,0.190283401,0,0.199666667,0,0.030012005,0.044401973,0.174652585,0.096263549,0.165322641,0.096263549,0.079981799,4
2310,558062568,0.979166667,0,0.229591837,0.640625,0.03528,0.038586266,0,0,0,0,0.144,0.168741798,0,0,0.137931034,0.119157296,0.022741874,0.049304395,0,0,0,0,0,0,0.024390244,0.043984843,0,0,0,0,0.001672241,0.008907852,0.00466372,0.002982412,0,0,0.017166667,0.087139462,0.023809524,0.026202852,0,0,0.018987342,0.026124172,0,0,0.005468575,0,0,0.14083905,0,0.091671878,0.161604832,0,0,0,0.138046015,0,0,0.280065898,0.060560306,0,0,0.119797687,0.43977591,0.039972147,0,0.097444208,0.21661527,0.097444208,0.090710183,4
4795,1006760092,0.604166667,0.747390397,0.744897959,0.34375,0.12,0.109372991,0,0,0,0,0.008,0.006721506,0.01135722,0.008346004,0.034482759,0.025741769,0.10162775,0.140331943,0.015748031,0.004681237,0,0,0.030534351,0.069938252,0.008130081,0.033962531,0,0,0,0,0.020254181,0.045362677,0.013823374,0.023763402,0.022213109,0.055542654,0.005787037,0.114456387,0,0,0.073755749,0.129805644,0.012658228,0.006758589,0.061403509,0.031796932,0.004557208,0,0,0.100980958,0.105883614,0.079216177,0.10292934,0.033347228,0,0.239270625,0.319773258,0,0,0.117752471,0.162797382,0.337807458,0.441538462,0.466770393,0,0.015511801,0.065353768,0.09849203,0.230530081,0.09849203,0.118591839,4
2791,1003804521,0.979166667,0.816283925,0.824829932,0,0,0,0,0,0,0,0.061333333,0.057683321,0,0,0.045977011,0.029467552,0.036477966,0.048514682,0,0,0.092465753,0.050301549,0,0,0,0,0.02688172,0.003203321,0.02173913,0.004590755,0.06893311,0.18490905,0.042373883,0.029862483,0,0,0,0,0,0,0,0,0,0,0.00877193,0.015415524,0,0,0,0.113035952,0,0.068011257,0.099137402,0,0.134291068,0,0,0.005001,0.026342114,0.141031566,0.066739124,0,0,0,0,0,0.221789883,0.106417641,0.175992675,0.106417641,0.038179325,4
4158,907184030,0.791666667,0.895615866,0.87585034,0.15625,0.005,0.002342891,0,0,0,0,0,0,0,0,0,0,0.316964869,0.042196981,0,0,0,0,0.040712468,0.048488788,0.146341463,0.261855013,0,0,0,0,0,0,0.064826855,0.068537947,0,0,0,0,0.023809524,0.013971675,0.024881458,0.024475201,0,0,0,0,0.002342891,0,0,0,0,0,0.009923508,0,0,0.124416278,0.136971583,0,0,0,0.100121878,0.18880869,0,0,0.234493798,0,0,0.1065356,0.102947465,0.1065356,0.031466519,4
2590,863836839,1,0,0.163265306,0,0.025,0.039229132,0,0,0,0,0,0,0,0,0.114942529,0.180056903,0.062540154,0.07078458,0,0,0,0,0.030534351,0.07000325,0.016260163,0.019407161,0,0,0,0,0,0,0,0,0,0,0,0,0,0,0.507702588,0.163600319,0,0,0,0,0.007845826,0,0,0,0,0.166228893,0.084367401,0,0,0.239492995,0.091363788,0,0,0,0,0.06185094,0,0,0,0,0,0.10883847,0.1063331,0.10883847,0.029436837,4
4219,992585919,0.802083333,0,0.130952381,0,0.05,0.062872327,0.024070022,0.080765991,0,0,0.016,0.002106072,0.027036674,0.032618122,0.022988506,0.036512668,0.03979828,0.139884439,0.228346457,0.205418532,0,0,0.010178117,0.012934677,0.089430894,0.1299359,0,0,0,0,0,0,0.016523221,0.022420837,0,0,0,0,0,0,0,0,0.075949367,0.068825284,0.114035088,0.045242051,0.006287233,0.16275122,0,0.01582035,0.173831264,0.168542839,0.26199926,0.100918486,0,0.13275517,0.111218891,0,0,0,0.128502017,0,0,0,0,0.026327096,0.050070552,0.11105101,0.211358228,0.11105101,0.078038262,4
4195,955100508,0.989583333,0.926931106,0.996598639,0.734375,0.125,0.114144488,0,0,0,0,0.12,0.099292642,0,0,0.011494253,0.012803143,0.045483748,0.044144939,0.015748031,0.011352,0,0,0.122137405,0.190575236,0.040650407,0.045543082,0.021505376,0.012198247,0,0,0,0,0.008580025,0.006453902,0,0,0,0,0,0,0,0,0,0,0.00877193,0.002472665,0.00456578,0,0,0.099448612,0,0.118198874,0.072346851,0.080867028,0,0.162997554,0.085761921,0.023804761,0,0,0.071233892,0,0,0,0,0,0.03557532,0.111849097,0.164819575,0.111849097,0.035003119,4
1166,881967251,0.927083333,0,0.151360544,0,0.015,0.034529065,0,0,0,0,0,0,0,0,0.24137931,0.14828614,0.301329831,0.256525001,0.007874016,0.029228474,0,0,0,0,0,0,0.069892473,0.108579776,0,0,0,0,0,0,0,0,0.030092593,0.469314788,0,0,0,0,0,0,0.01754386,0.073329985,0.011509688,0,0,0,0,0.065189553,0.063457437,0.41642351,0,0,0,0.065197655,0,0,0,0,0,0.368064698,0,0,0.527515286,0.112646121,0.264899563,0.112646121,0.074393731,4
2650,912240991,0.989583333,0,0.239795918,0.71875,0.03,0.049486421,0.039387309,0.036464288,0,0,0.013333333,0.005370803,0.01297968,0.012930112,0.149425287,0.190624577,0.130765776,0.277847243,0,0,0.020547945,0.013465738,0.050890585,0.084822879,0.056910569,0.127421468,0.010752688,0.008918046,0.141304348,0.128512073,0,0,0,0,0,0,0.002314815,0.043580632,0.047619048,0.026202852,0,0,0,0,0.052631579,0.136730673,0.008247737,0.044903857,0,0.048413156,0.143535884,0.13537307,0.158382414,0,0.161773891,0.174116077,0.171390463,0.034806961,0.113448072,0,0,0,0,0.44432096,0.219887955,0,0.327867334,0.115834219,0.249339726,0.115834219,0.103925081,4
4146,886507722,0.979166667,0,0.239795918,0.734375,0.005,0.00427149,0.004376368,0.005701306,0,0,0.002666667,0.001273885,0.178561462,0.051641606,0.011494253,0.004945129,0.056854685,0.032338734,0.023622047,0.011117938,0.003424658,0.002070985,0.010178117,0.019434514,0.18699187,0.202783582,0,0,0.02173913,0.005752971,0.023411371,0.030631035,0,0,0,0,0,0,0.023809524,0.035739831,0,0,0.037974684,0.032476084,0.228070175,0.145616814,0.00427149,0.063187729,0,0.057414887,0.041671027,0.045653533,0.042398619,0.052799778,0.149281699,0.199466311,0.083013178,0,0.033011004,0.068789295,0,0,0,0,0.599839936,0.024845549,0.080578954,0.116380446,0.119352453,0.116380446,0.066868282,4
4200,959990888,0.9375,0.292275574,0.464285714,0.671875,0.015,0.013785911,0.050328228,0.080690776,0,0,0,0,0.0385821,0.019338852,0.011494253,0.002912884,0.202783605,0.216552378,0,0,0.006849315,0.002720876,0.020356234,0.019369516,0.227642276,0.379324999,0,0,0.010869565,0.006159747,0.003250836,0.006542406,0,0,0,0,0.020833333,0.268852602,0,0,0.003952597,0.003075612,0,0,0.043859649,0.046478383,0.004595304,0.077765052,0,0,0.072221588,0.026891807,0.079602201,0,0.09806371,0.0993996,0.127554423,0,0.07069023,0.105810421,0,0.149355253,0,0.304561507,0,0,0.133740967,0.124484591,0.25211162,0.124484591,0.065822376,4
2422,679588772,1,0.891440501,0.977891156,0.8125,0.02,0.019828855,0.002188184,0.012771527,0,0,0.005333333,0.003264731,0.099606067,0.052644028,0.137931034,0.21203089,0.186670988,0.217381576,0.275590551,0.447965125,0,0,0.071246819,0.05238869,0.040650407,0.01345752,0.010752688,0.008149249,0.010869565,0.00639219,0,0,0,0,0,0,0.000965278,0.001351675,0,0,0,0,0,0,0.096491228,0.092840861,0.004957214,0.283094365,0,0.073571841,0.076152736,0.163122785,0.086804226,0.182349789,0,0.076813113,0.025341781,0.031806361,0.073357786,0,0,0,0,0.033047578,0,0,0.121431098,0.136660999,0.233759766,0.136660999,0.055631284,4
4196,955603857,0.96875,0.807933194,0.87414966,0.53125,0.17,0.101944313,0.008752735,0.022474276,0,0,0,0,0.164952267,0.090555837,0.091954023,0.319672131,0.121606486,0.121694723,0.031496063,0.051376576,0,0,0.030534351,0.042053949,0,0,0,0,0,0,0.004180602,0.017965417,0.005243349,0.004823644,0,0,0.008101852,0.06863023,0.023809524,0.015473749,0.032580492,0.012376559,0,0,0.166666667,0.060966658,0.002998362,0.124541514,0,0,0.079100705,0.368902439,0.074595043,0.182992914,0,0.143873694,0,0,0,0.225935514,0.08712031,0.072914485,0,0.199917442,0.259703882,0,0.046165999,0.138697131,0.204667448,0.138697131,0.081138037,4
1056,827341710,1,0,0.25170068,0.8125,0.06,0.232703324,0,0,0,0,0.146666667,0.125736965,0.032449201,0.022684012,0.022988506,0.020932123,0.233104209,0.089026942,0,0,0,0,0,0,0,0,0,0,0,0,0,0,0,0,0,0,0.002314815,0.024504567,0.404761905,0.342377569,0,0,0.025316456,0.017816337,0,0,0.019391944,0,0,0.103037297,0.100725181,0.096622889,0.028468613,0,0,0,0,0,0,0,0,0,0,0.249833296,0.33801756,0.020445353,0,0.1434644,0.308490248,0.1434644,0.069508499,4
4085,773073960,0.6875,0,0.18537415,0.671875,0.225,0.221246018,0,0,0,0,0,0,0.198751355,0.187835783,0.057471264,0.038951362,0.197729224,0.298116535,0.007874016,0.013429299,0,0,0.010178117,0.015534612,0.024390244,0.011757623,0,0,0,0,0.003344482,0.002949323,0,0,0.004555396,0.014604944,0.016203704,0.295362881,0,0,0,0,0.037974684,0.066191564,0.026315789,0.07329135,0.004916578,0,0,0,0.136172819,0.07191995,0.112385469,0.191329721,0,0.159439626,0.036901189,0,0,0.04636385,0,0,0.566141535,0.430190836,0,0.050639288,0.351491569,0.144246546,0.384900971,0.144246546,0.103100882,4
1294,928566652,0.989583333,0,0.161564626,0,0.005,0.03570051,0,0,0,0,0.266666667,0.072067343,0.081123002,0.031480543,0.114942529,0.203969652,0.062540154,0.062439949,0,0,0,0,0,0,0,0,0.005376344,0.021500692,0.010869565,0.012319493,0,0,0,0,0,0,0,0,0,0,0,0,0,0,0,0,0.03570051,0,0,0.032481246,0.055913978,0.188305191,0.074421523,0,0,0,0,0.167833567,0.14138046,0,0,0,0,0,0,0,0,0.145058448,0.128130958,0.145058448,0.069008882,4
3209,636100489,0.760416667,0.39039666,0.5,0.53125,0,0,0.024070022,0.038871172,0.051282051,0.011911873,0,0,0,0,0,0,0.42072467,0.301077958,0,0,0,0,0,0,0.422764228,0.65031696,0,0,0,0,0,0,0,0,0,0,0,0,0,0,0,0,0,0,0,0,0,0.07832914,0.011300377,0,0,0,0.053342816,0,0,0,0.117750789,0,0,0,0,0,0,0,0,0,0,0.147715197,0.223361388,0.147715197,0.017659757,4
2631,895119444,0.71875,0,0.192176871,0.6875,0.025,0.014457349,0.002188184,0.003565196,0,0,0.032,0.038254969,0.047233057,0.038429915,0.091954023,0.085625254,0.15350765,0.172618029,0.047244094,0.042921092,0.006849315,0.007252782,0.040712468,0.035229119,0.073170732,0.090165386,0.107526882,0.108477269,0.010869565,0.009849784,0.02006689,0.045751928,0,0,0.092840544,0.090635805,0.009259259,0.074124136,0,0,0,0,0,0,0.01754386,0.040760345,0.00289147,0.079026342,0,0.143681477,0.117231836,0.098811757,0.083820663,0.101917466,0.261399126,0.090393596,0.094327739,0.042338468,0.113037679,0.119871342,0,0,0.172390523,0.188930874,0,0,0.293218455,0.150313496,0.248595188,0.150313496,0.083249887,4
4115,843558438,1,0,0.163265306,0,0.065,0.165330933,0.004376368,0.001474216,0,0,0.04,0.030598854,0.092304997,0.071757617,0.103448276,0.265207966,0.467271601,0.406952104,0,0,0,0,0,0,0,0,0.005376344,0.007662344,0,0,0,0,0.012179822,0.016408063,0.000662976,0.00149662,0,0,0.023809524,0.001430547,0.007997611,0.011339003,0,0,0,0,0.012717764,0.01633878,0,0.091940758,0.112012113,0.272045028,0.064918559,0,0,0,0,0.059811962,0,0,0.127576071,0.272136068,0.39862543,0,0.024009604,0,0,0.150821467,0.303620567,0.150821467,0.065053315,4
3791,357079706,0.989583333,0.501043841,0.569727891,0,0.01,0.007471535,0.098468271,0.157289849,0.153846154,0.089918831,0,0,0.058953708,0.044861182,0.057471264,0.111637989,0.230972158,0.170064625,0.023622047,0.017934989,0.030821918,0.036428547,0.081424936,0.091777706,0.105691057,0.149201402,0.005376344,0.002742043,0.02173913,0.022082111,0,0,0,0,0,0,0.006944444,0.065338246,0,0,0,0,0.012658228,0.013923855,0.061403509,0.06212572,0.003735768,0.077477678,0.028434281,0,0.109643219,0.206128831,0.054884449,0.085174378,0.291762093,0.117745163,0.108061662,0.021404281,0.126708903,0,0,0,0,0.222049344,0,0.031956976,0.127689986,0.164409139,0.257479337,0.164409139,0.086282802,4
3934,544872377,0.989583333,0.167014614,0.323129252,0.234375,0.195,0.163502336,0.006564551,0.001775077,0,0,0.005333333,0.003828057,0.00648984,0.005620319,0.022988506,0.010161225,0.068225622,0.031785935,0.196850394,0.123058018,0,0,0.091603053,0.112317192,0.068430894,0.050749017,0,0,0,0,0.012123746,0.024298226,0.001483391,0.003653695,0,0,0.001157407,0.005995335,0,0,0.234397549,0.210716469,0,0,0.166666667,0.180890932,0.004192368,0.013115483,0,0.08626659,0.124781195,0.046904315,0.034728214,0.070129221,0,0.12808539,0.056769151,0,0,0.105371649,0.233254215,0.172550791,0,0.122249389,0,0,0.136976683,0.167803401,0.205381802,0.167803401,0.06437298,4
3955,563254184,0.989583333,0.434237996,0.544217687,0.265625,0.10222,0.126058944,0.004376368,0.018021542,0,0,0.008,0.001709183,0.025959361,0.031728332,0.045977011,0.051009348,0.318386237,0.350250734,0.007874016,0.020451154,0.003424658,0.002920176,0.10178117,0.167760806,0.008130081,0.007047491,0.016129032,0.005458459,0.108695652,0.152192231,0.013006689,0.028505128,0,0,0.050023922,0.115033287,0.009259259,0.034598531,0.047619048,0.003814792,0.087973725,0.05247068,0,0,0.175438596,0.147123595,0.006166061,0.199733244,0,0.025678015,0.176106527,0.117729831,0.082001109,0.291371405,0.210493442,0.172181454,0.066355452,0.014202841,0.174658219,0.11522382,0,0.114481483,0.406066403,0.088186264,0.032012805,0,0.105836576,0.183151966,0.346330887,0.183151966,0.093857035,4
2601,870534658,0.895833333,0.951983299,0.991496599,0.640625,0.045,0.056229375,0,0,0,0,0,0,0.34918585,0.341623022,0.08045977,0.023709524,0.198991398,0.242928781,0,0,0,0,0.010178117,0.012934677,0,0,0.02688172,0.064194557,0,0,0,0,0,0,0.241729889,0.287647727,0,0,0,0,0,0,0.075949367,0.124210852,0,0,0.006247708,0,0,0,0.140965452,0.031269543,0.09099963,0,0,0.13275517,0,0.100220044,0,0,0,0,0.210127,0,0,0.047513223,0,0.199298618,0.424522464,0.199298618,0.052323427,4
2627,889725743,0.895833333,0.931106472,0.979591837,0.6875,0.02,0.022957471,0.010940919,0.027784464,0,0,0.026666667,0.01307813,0.014420425,0.009258321,0.264367816,0.258704783,0.204676866,0.104887005,0.165354331,0.094882823,0.003424658,0.002200964,0.162849873,0.116347091,0.008130081,0.01494493,0.080645161,0.031443801,0.315217391,0.192724526,0,0,0.065040402,0.081311494,0,0,0,0,0.023809524,0.01616518,0,0,0.126582278,0.059549169,0.00877193,0.013483754,0.005739368,0.123174391,0,0.058944028,0.092507375,0.103842075,0.038198639,0.06437206,0.158650843,0.074633089,0.140713571,0.016363273,0.076266802,0,0.118391786,0,0,0,0.271308523,0.013667274,0.193996665,0.204333688,0.222138937,0.204333688,0.068818789,4
2415,671813368,0.78125,0,0.176870748,0.453125,0.12,0.082401177,0.002188184,0.005099585,0,0,0.024,0.015241814,0.115558094,0.103294475,0.103448276,0.106760602,0.289958894,0.318069942,0.062992126,0.037157319,0.037671233,0.013561055,0.061068702,0.129671758,0.024390244,0.015122003,0,0,0.043478261,0.035650986,0,0,0,0,0.013669606,0.012850286,0,0,0,0,0.118876496,0.184462602,0,0,0.254385965,0.042421667,0.003433382,0.113037679,0,0.076328781,0.128794975,0.10951289,0.081767582,0.066173406,0.088864914,0.221814543,0.047460265,0,0.102284095,0,0,0.297840584,0.166,0,0,0,0.021046175,0.205662062,0.311070978,0.205662062,0.056754321,4
4076,760837237,0.71875,0.002087683,0.198979592,0.734375,0.145,0.092872755,0.004376368,0.00209098,0,0,0.002666667,0.002490158,0.569191431,0.449929605,0.195402299,0.241227476,0.051169217,0.039893652,0,0,0.020547945,0.011386087,0.234096692,0.340136497,0.016260163,0.018521798,0.010752688,0.02301266,0.054347826,0.056222216,0.025919732,0.055064002,0,0,0.006834803,0.011585901,0.013888889,0.101986091,0,0,0.01994782,0.026717062,0,0,0.00877193,0.007070278,0.003202509,0.023174391,0,0.112233122,0.113895984,0.131000993,0.058115233,0,0.136789507,0.151782348,0.087195732,0.089817964,0.129043014,0.111692315,0,0.257077933,0.299333333,0.17329777,0,0,0.10172318,0.216005313,0.373526645,0.216005313,0.08040913,4
4123,864063789,0.979166667,0,0.159863946,0,0.135,0.123430335,0,0,0,0,0,0,0.252201678,0.183600833,0.011494253,0.007654789,0.378709058,0.480487516,0,0,0,0,0,0,0,0,0,0,0,0,0.021137124,0.0172468,0.084107124,0.091198527,0.164298407,0.240194561,0,0,0,0,0,0,0,0,0.035087719,0.014990534,0.004571494,0,0,0,0.104893571,0.070669168,0.094573917,0,0,0,0,0,0,0.042899148,0.102685208,0,0.25815532,0,0,0,0.053918844,0.227336876,0.458429126,0.227336876,0.035689251,4
2878,1059205490,0.739583333,0,0.181972789,0.5625,0.015,0.01088587,0,0,0,0,0,0,0.064898402,0.029746016,0.068965517,0.037190083,0.085282028,0.159916817,0,0,0.003424658,0.001724377,0.010178117,0.009684758,0,0,0,0,0,0,0,0,0.530054874,0.666775351,0,0,0.072916667,0.834354357,0,0,0,0,0.075949367,0.046361207,0.043859649,0.088668238,0.003628623,0,0,0,0.06604151,0.057223265,0.139775669,0,0.124297314,0.0993996,0,0,0,0,0.11912737,0,0,0.270049429,0,0.017734122,0.255141745,0.231137088,0.648150477,0.231137088,0.06201186,4
3817,397238932,1,0,0.25170068,0.8125,0.375,0.392377034,0.002188184,0.001609603,0,0,0.010666667,0.007694524,0.327925133,0.208008109,0.011494253,0.006096735,0.258688817,0.214907143,0.031496063,0.01457035,0,0,0.183206107,0.170750731,0,0,0,0,0.076086957,0.02132667,0.041712375,0.104409013,0,0,0.001613013,0.003186768,0,0,0.333333333,0.275737924,0.001976299,0.000704056,0.054848101,0.125508347,0,0,0.005231694,0.03567856,0,0.086699365,0.09139612,0.056285178,0.061925305,0.051896624,0,0.097361204,0,0,0.034964036,0.131600976,0,0.068379514,0.348870056,0,0.330560796,0.066479863,0,0.25248034,0.466468123,0.25248034,0.078634485,4
2831,1033996024,1,0,0.163265306,0,0.075,0.067743825,0,0,0,0,0.005333333,0.002995871,1,1,0.183908046,0.110892833,0.126979254,0.127077931,0,0,0,0,0.020356234,0.077868053,0.008130081,0.035379113,0,0,0.010869565,0.003602871,0.022715719,0.067894303,0,0,0,0,0.02662037,0.219080425,0,0,0.021326964,0.026865284,0.050632911,0.080677021,0,0,0.004516255,0,0,0.067512983,0.144086136,0.063985303,0.074598883,0,0,0.399599733,0.333111037,0,0.041347116,0.15714222,0,0.24178756,0,0.194226736,0,0.046290946,0,0.253680128,0.642455768,0.253680128,0.092134224,4
4150,891967788,0.989583333,0.895615866,0.955782313,0.59375,0.215,0.216560237,0,0,0,0,0,0,0.205877199,0.094970997,0.091954023,0.039832001,0.062540154,0.088618924,0.031496063,0.102577606,0,0,0,0,0,0,0,0,0,0,0.057411371,0.103810165,0.036436506,0.031828382,0.234717381,0.169118027,0.015046296,0.254987028,0.047619048,0.00476849,0,0,0.012658228,0.008695147,0.342105263,0.048332883,0.005036285,0,0,0,0.066466826,0.045966229,0.105623971,0.365360567,0,0,0,0,0,0.095066608,0.08272384,0,0.127231872,0.399952126,0.040016006,0.019956443,0.017830419,0.256776833,0.358560426,0.256776833,0.078615857,4
2927,252229851,0.989583333,0,0.244897959,0.765625,0.035,0.028186117,0,0,0,0,0,0,0,0,0,0,0.324071705,0.394579939,0,0,0,0,0.071246819,0.110042249,0,0,0.043010753,0.158935985,0,0,0.281123746,0.891339172,0,0,0,0,0.006944444,0.078440777,0,0,0.510759453,0.399903656,0,0,0.043859649,0.026233435,0.004026588,0,0,0,0,0,0.090758821,0,0,0.161345659,0,0.155081016,0,0.166698425,0,0.150283223,0,0.266577758,0,0,0.075486381,0.258132837,0.629562181,0.258132837,0.059554604,4
2550,796340479,0.729166667,0,0.219387755,0.921875,0.115,0.157516536,0.008752735,0.045821048,0.076923077,0.048139429,0.002666667,0.0013379,0.081661659,0.037923073,0.333333333,0.272253082,0.086703395,0.071258407,0.078740157,0.031890927,0,0,0.040712468,0.020539487,0.016260163,0.06367532,0.010752688,0.065604018,0,0,0.018394649,0.028954263,0.020973394,0.029900842,0.288497027,0.291195748,0.058738426,0.542130851,0,0,0.113743806,0.029273896,0.012658228,0.005790309,0.026315789,0.040451261,0.006848545,0.253917973,0.030445459,0.060300058,0.06691254,0.086670548,0.061262536,0.045435598,0,0.052701801,0.299766589,0.25605121,0,0.08275744,0.1350105,0.0493997,0.178235805,0.217821804,0,0.01328948,0.193996665,0.262091392,0.457287165,0.262091392,0.120059429,4
2498,749653606,0.958333333,0,0.231292517,0.6875,0.025,0.060643723,0.048140044,0.111935134,0,0,0.002666667,0.000633742,0.038939041,0.045897393,0.183908046,0.277672402,0.397982796,0.331982047,0.220472441,0.650721203,0.010273973,0.006880177,0,0,0.268292683,0.296207104,0.016129032,0.0404131,0.097826087,0.154313275,0,0,0,0,0,0,0,0,0.142857143,0.034666921,0,0,0.012658228,0.00482203,0.394736842,0.463277054,0.012128745,0.112780018,0,0.028563185,0.169834125,0.160217323,0.062179219,0.331105222,0.165313346,0,0.08451302,0.105154364,0.196769293,0,0,0,0,0,0.096972122,0.011067159,0.148119326,0.263549416,0.488291134,0.263549416,0.082400183,4
3859,452143605,0.770833333,0.48434238,0.544217687,0.21875,0.235,0.276218232,0.01750547,0.004091702,0,0,0,0,0.383984372,0.130528806,0,0,0.340178637,0.150203351,0,0,0,0,0.091603053,0.050568736,0,0,0,0,0.010869565,0.020309731,0.055090301,0.10412456,0.010166376,0.007652621,0.09654159,0.067270475,0.011574074,0.052235715,0,0,0,0,0.151898734,0.095549789,0.00877193,0.011551984,0.005876984,0.011337112,0,0,0.048979575,0,0.032913006,0,0,0.057668075,0,0,0.233077693,0.099372009,0.07128479,0,0.123044248,0.106512558,0,0.018274886,0.166203446,0.265024442,0.324885175,0.265024442,0.053042431,4
2393,651394926,0.479166667,0.292275574,0.353741497,0.34375,0.09,0.032257604,0.004376368,0.002918346,0,0,0.373333333,0.305969337,0.01946952,0.017953483,0.287356322,0.263717653,0.176249524,0.116982771,0.023622047,0.008484742,0,0,0.020356234,0.006499838,0,0,0.016129032,0.01837425,0.195652174,0.045064939,0,0,0.003813344,0.014375036,0.010252204,0.018346493,0,0,0,0,0,0,0.012658228,0.058077385,0,0,0.001792089,0.032344115,0,0.098501772,0.13286655,0.097385866,0.049475354,0.040294567,0,0.03335557,0,0.047809562,0.028731799,0,0.356989759,0,0.316,0,0,0.133294813,0,0.265674814,0.367751445,0.265674814,0.099736395,4
2591,863902193,1,0,0.163265306,0,0.095,0.088172688,0.004376368,0.000601721,0.051282051,0.052672265,0.008,0.005076337,0.567315867,0.406735372,0.114942529,0.08271237,0.230892562,0.150598207,0.031496063,0.038152082,0,0,0,0,0.073170732,0.082161703,0,0,0.032608696,0.022082111,0.140518395,0.148948275,0.013823374,0.014547651,0.028952225,0.04652423,0,0,0.095238095,0.099279958,0.010663482,0.009449169,0.151898734,0.275030017,0.00877193,0.052119152,0.004640668,0.00666889,0.049968332,0.076264666,0.103302114,0.076360225,0.048618865,0.135889954,0,0,0.085954577,0,0.084472602,0.055729909,0.099662481,0.170085043,0.283758263,0,0.416566627,0.052602338,0.749861034,0.268479277,0.494810872,0.268479277,0.125096852,4
4130,866392152,1,0,0.24829932,0.78125,0.07,0.040100573,0.100656455,0.094620615,0,0,0.173333333,0.103773645,0.194695205,0.032888438,0.183908046,0.134670099,0.057900811,0.013003935,0.141732283,0.248017789,0.006849315,0.003622058,0,0,0.170731707,0.105004073,0,0,0,0,0.024993311,0.045033311,0.001906672,0.001074052,0,0,0,0,0,0,0.047395622,0.044874289,0,0,0.219298246,0.132287602,0.002864327,0.045594908,0,0.071956145,0.024339418,0.077704816,0.016741143,0.196308647,0.13054341,0,0.047079185,0,0,0.094731872,0.053346035,0.181731784,0,0,0,0,0.076131184,0.27824017,0.261242272,0.27824017,0.04075958,4
4221,993776244,0.78125,0,0.12755102,0,0.11,0.099444278,0,0,0,0,0.050666667,0.004461799,0.449239715,0.344833024,0.114942529,0.094905839,0.302989988,0.257735894,0,0,0.02739726,0.018647534,0.030534351,0.027234319,0,0,0,0,0,0,0.217759197,0.42308556,0,0,0,0,0.019675926,0.057860429,0.023809524,0.019050117,0,0,0.063291139,0.16644719,0.157894737,0.254298188,0.004520194,0,0,0.010584019,0.110599433,0.087617261,0.06340764,0,0.168019988,0.093173227,0,0,0,0.102149849,0,0,0,0.069401043,0.319727891,0.076403396,0.203261071,0.299812965,0.546420433,0.299812965,0.076308676,4
2594,864221791,0.989583333,0,0.161564626,0,0.18,0.15781654,0.008752735,0.0025874,0,0,0.152,0.105700477,0.182435897,0.094013628,0.045977011,0.038206205,0.235401138,0.186253735,0,0,0,0,0.10178117,0.144036399,0.048780488,0.127917272,0,0,0,0,0.041294314,0.140534471,0.008580025,0.010232264,0.027776639,0.040718377,0.024789352,0.143582812,0,0,0.004734586,0.014247865,0.012658228,0.01740966,0.561403509,0.159177839,0.004383793,0.014338113,0,0.083578826,0.07425107,0.088180113,0.058978183,0,0,0.147831888,0.200733578,0,0,0.178928136,0.112936943,0.577616136,0.258858268,0.136696317,0,0.039957331,0.035783769,0.303522848,0.415054759,0.303522848,0.094267855,4
2078,267638088,0.947916667,0,0.214285714,0.546875,0.02,0.132573322,0.048140044,0.020127565,0.025641026,0.011209108,0.005333333,0.000691355,0.08040912,0.05671003,0.24137931,0.203834169,0.618925788,0.618950472,0.007874016,0.007460721,0.017123288,0.014410246,0.020356234,0.025869353,0.048780488,0.077239083,0,0,0,0,0.025916388,0.03398458,0.011680274,0.007652621,0,0,0.012731481,0.04730864,0,0,0.134679776,0.121931336,0.050632911,0.066307758,0.596491228,0.111694935,0.033143331,0.020279487,0.021267376,0.015579919,0.101619432,0.089609577,0.074543929,0.106294289,0.207745159,0.13275517,0.121207069,0,0,0.068943522,0.062045462,0.173773876,0,0.087696256,0,0.038046135,0.02363241,0.310848034,0.447552835,0.310848034,0.105693883,4
4190,943173948,0.8125,0.933194154,0.892857143,0,0.14,0.421763168,0.166301969,0.309299597,0.025641026,0.006974946,0.002666667,0.002298115,0.00973476,0.00843611,0.057471264,0.086709118,0.447253066,0.234742093,0.015748031,0.008748062,0.054794521,0.027260754,0.030534351,0.004549886,0,0,0,0,0,0,0.088351171,0.130818175,0,0,0.012815255,0.014669453,0.016138889,0.056857573,0,0,0.425949228,0.251829619,0,0,0.01754386,0.009504308,0.01506297,0.090209895,0.013233774,0.103577611,0.124864549,0.160100063,0.039123041,0.062317632,0.122813866,0.015565933,0,0,0,0.077846988,0,0.113480309,0.202133333,0.083144632,0,0,0.068371317,0.330735388,0.50527968,0.330735388,0.068434245,4
4185,938102209,0.989583333,0.889352818,0.948979592,0.578125,0.61,0.605951514,0,0,0,0,0.045333333,0.042691163,0.346122645,0.266362561,0.206896552,0.158515106,0.079596559,0.061439646,0.039370079,0.010093917,0.003424658,0.006490243,0,0,0.008130081,0.022559054,0,0,0,0,0.127464883,0.305801332,0.052326712,0.098889507,0.017087007,0.021649378,0.056712963,0.559593625,0.023809524,0.035739831,0,0,0.035518987,0.124598164,0.263157895,0.075339026,0.004966816,0,0,0.113183531,0.110883101,0.081300813,0.057537286,0.028761984,0.467832605,0,0.212404135,0,0,0.126134781,0.178969743,0,0.223733333,0.232868075,0.599839936,0.101913138,0.036131184,0.368196599,0.751279046,0.368196599,0.137565881,4
4180,930546247,0.989583333,0.903966597,0.982993197,0.78125,0.23,0.086229803,0.015317287,0.001714905,0,0,0.704,0.522997151,0,0,0.091954023,0.091925213,0.028427343,0.022309383,0.031496063,0.020012288,0.044520548,0.0295657,0.030534351,0.03841404,0.016260163,0.022665297,0.069892473,0.068499821,0,0,0,0,0,0,0,0,0.005787037,0.040833679,0.023809524,0.002384245,0,0,0,0,0.061403509,0.070586872,0.001874561,0.005430382,0,0.089287276,0,0.106081926,0.058498706,0.0712797,0.163936002,0.131420947,0.106702234,0.041131303,0,0,0,0,0,0.166525895,0.040016006,0,0.1450806,0.399043571,0.516155971,0.399043571,0.046170299,4
4790,985440452,0.770833333,0.572025052,0.653061224,0.5625,0.51,0.409005843,0.028446389,0.042406282,0.025641026,0.019747707,0.069333333,0.021668854,0.187394134,0.124232697,0.206896552,0.278282076,0.377293376,0.357700357,0.023622047,0.013078206,0.01369863,0.005398426,0.010178117,0.019434514,0.138211382,0.122569678,0,0,0.032608696,0.01385943,0.206056856,0.535279587,0.005933564,0.006194979,0.002990226,0.008476544,0.046296296,0.330615448,0,0,0.26382165,0.325681359,0.063291139,0.062841318,0.096491228,0.217903643,0.004009861,0.072306153,0.037467916,0.037562697,0.095521716,0.142728094,0.07067001,0.062109212,0.097282948,0.199466311,0.067885374,0,0.053017673,0.136577653,0.09887285,0.236948525,0.500571429,0.168537453,0,0.028845726,0.285006822,0.446747078,0.815797284,0.446747078,0.112541455,4
4775,865590947,0.90625,0.016701461,0.255102041,0.859375,0.54,0.456577951,0.010940919,0.012094591,0,0,0.077333333,0.044701213,0.583235445,0.454277186,0.436781609,0.333288172,0.328489314,0.300906853,0,0,0.071917808,0.033161762,0.284987277,0.370945726,0,0,0.016129032,0.027881708,0.02173913,0.010401836,0.12416388,0.276817127,0.055137147,0.045532135,0.022213109,0.043518088,0.079858796,0.445965685,0.19047619,0.14047971,0.059246305,0.038648954,0.06364557,0.288237345,0.061403509,0.067380134,0.004227574,0.053617873,0,0.069472909,0.11222748,0.08097166,0.068281931,0,0.113827667,0.1359716,0,0.072547843,0.059686562,0.117215142,0.07820357,0.125212594,0.345948718,0.131794782,0.294717887,0.131571303,0.138489637,0.534103082,0.957913483,0.534103082,0.124768464,4
3785,346246341,0.729166667,0.004175365,0.224489796,0.9375,0.6,0.513550194,0.002188184,0.001504302,0,0,0,0,0.175225684,0.061215295,0,0,0.329757174,0.322150124,0,0,0,0,0.020356234,0.041338967,0,0,0,0,0,0,1,0.730668463,0.007626689,0.005734671,0,0,1,0.365431991,0,0,0,0,0,0,0,0,0.004279585,0.033344448,0,0,0.050336658,0,0.072821398,0,0,0.212141428,0,0,0,0.038415492,0.07120743,0,0,0.008624344,0,0,0,1,0.667367606,1,0.026313109,4
