CustomerId,sms_cnt,email_cnt,allcom_cnt,mail_cnt,sew_qty,sew_ns,paper_qty,paper_ns,pct_qty,pct_ns,needle_qty,needle_ns,quilt_qty,quilt_ns,impulse_qty,impulse_ns,other_qty,other_ns,kids_qty,kids_ns,jewelry_qty,jewelry_ns,ribbon_qty,ribbon_ns,paint_qty,paint_ns,seasfloral_qty,seasfloral_ns,celeb_qty,celeb_ns,fabric_qty,fabric_ns,fleece_qty,fleece_ns,warm_qty,warm_ns,homedec_qty,homedec_ns,public_qty,public_ns,special_qty,special_ns,foam_qty,foam_ns,bccomp_qty,bccomp_ns,sew_ns_qty,paper_ns_qty,pct_ns_qty,needle_ns_qty,quilt_ns_qty,impulse_ns_qty,other_ns_qty,kids_ns_qty,jewelry_ns_qty,ribbon_ns_qty,paint_ns_qty,seasfloral_ns_qty,celeb_ns_qty,fabric_ns_qty,fleece_ns_qty,special_ns_qty,warm_ns_qty,homedec_ns_qty,public_ns_qty,foam_ns_qty,bccomp_ns_qty,net_sales,avg,Cluster
181250986,0,60,114,54,84,97.08,0,0,0,0,0,0,26.202,95.44,11,8.2,59.597,59.27,0,0,4,7.96,11,16.76,0,0,0,0,0,0,43.917,167.31,3,12.73,22.028,49.35,0,0,2,2,88.668,246.31,0,0,0,0,1.155714286,0,0,0,3.642470041,0.745454546,0.994513147,0,1.99,1.523636364,0,0,0,3.809686454,4.243333333,2.777890558,2.240330489,0,1,0,0,762.41,36.3052381,4
197754799,0,439,487,48,22.556,39.12,0,0,0,0,0,0,36.327,220.34,2,1.5,32.459,98.65,3,16.97,0,0,5,12.04,4,4.58,2,4.98,0,0,0,0,3,15.58,0,0,0,0,0,0,0.75,5.5,1,14.99,2,7.4,1.734350062,0,0,0,6.065460952,0.75,3.039218707,5.656666667,0,2.408,1.145,2.49,0,0,5.193333333,7.333333333,0,0,0,14.99,3.7,441.65,21.03095238,4
212067540,0,0,47,47,11,87.12,0,0,0,0,11,58.95,0,0,4,8.87,8,34.04,0,0,1,2.39,0,0,0,0,0,0,0,0,3,30,0.75,2.62,0,0,0,0,1,5.99,0.25,1,0,0,0,0,7.92,0,0,5.359090909,0,2.2175,4.255,0,2.39,0,0,0,0,10,3.493333333,4,0,0,5.99,0,0,230.98,10.99904762,4
227817616,0,0,44,44,3,24.47,0,0,0,0,0,0,0,0,0,0,28,31.67,0,0,0,0,0,0,0,0,2,15.49,0,0,0,0,0,0,0,0,0,0,1,0.6,0,0,0,0,1,1.99,8.156666667,0,0,0,0,0,1.131071429,0,0,0,0,7.745,0,0,0,0,0,0,0.6,0,1.99,74.22,3.534285714,4
238066187,0,0,46,46,34,111.24,0,0,0,0,39,29.24,3.972,10.82,0,0,5.473,33.41,0,0,1,1.59,7,12.33,2,9.08,5,16.91,0,0,14.667,45.21,2,18.18,13.945,55.38,7,89.45,0,0,0,0,12,77.82,0,0,3.271764706,0,0,0.74974359,2.724068479,0,6.104513064,0,1.59,1.761428571,4.54,3.382,0,3.082429945,9.09,0,3.971315884,12.77857143,0,6.485,0,510.66,24.31714286,4
256169780,0,430,484,54,45,122.88,1,0.54,0,0,37,180.42,32.75,119.64,1,5.39,18.5,56.03,1,2.02,4,6.98,12.5,23.32,0,0,3,10.87,0,0,12.75,86.77,0,0,2,10.07,4.5,28.31,3,23.57,1.25,8.27,5,25.35,0,0,2.730666667,0.54,0,4.876216216,3.653129771,5.39,3.028648649,2.02,1.745,1.8656,0,3.623333333,0,6.805490196,0,6.616,5.035,6.291111111,7.856666667,5.07,0,710.43,33.83,4
267638088,91,0,126,35,4,92.8,22,13.38,1,6.38,2,1.08,12.39,50.35,21,30.09,108.861,470.26,1,2.55,5,16.63,2,3.98,6,21.81,0,0,0,0,7.749,22.7,3.063,7.98,0,0,5.5,21.7,0,0,18.945,65.81,4,34.24,68,28.91,23.2,0.608181818,6.38,0.54,4.063761098,1.432857143,4.319820689,2.55,3.326,1.99,3.635,0,0,2.929410247,2.605288932,3.473739773,0,3.945454546,0,8.56,0.425147059,890.65,42.41190476,4
275120947,0,0,46,46,20,63.42,0,0,0,0,22,177.78,6.5,33.91,10,14.68,12,46.77,2,11.96,0,0,0,0,0,0,0,0,5,17.88,3.875,20.62,1.5,6.24,0,0,0,0,1,2.98,1.306,3.75,1,35.99,1,3.59,3.171,0,0,8.080909091,5.216923077,1.468,3.8975,5.98,0,0,0,0,3.576,5.321290323,4.16,2.87136294,0,0,2.98,35.99,3.59,439.57,20.93190476,4
312440746,0,0,8,8,3,21.37,0,0,0,0,0,0,0,0,0,0,0,0,0,0,0,0,0,0,0,0,0,0,0,0,0,0,0,0,0,0,0,0,0,0,0,0,1,8.99,0,0,7.123333333,0,0,0,0,0,0,0,0,0,0,0,0,0,0,0,0,0,0,8.99,0,30.36,1.445714286,4
318229192,0,0,49,49,42,93.24,0,0,1,2.99,0,0,8.166,45.27,2,1.74,30,59.26,1,0.99,9,29.05,0,0,1,1.09,0,0,0,0,13.792,61.83,1,5.39,42.792,89.86,0,0,0,0,1,3.59,3,19.17,6,20.04,2.22,0,2.99,0,5.543717855,0.87,1.975333333,0.99,3.227777778,0,1.09,0,0,4.483033643,5.39,3.59,2.09992522,0,0,6.39,3.34,433.51,20.64333333,4
325155489,0,0,50,50,40,145.99,6,17.26,0,0,16,24.3,35.695,198,4,4.97,17.5,59.61,3,16.67,0,0,1,1.49,1,3.59,0,0,7,23.8,29.167,191.31,0,0,47.361,166.54,0,0,0,0,0,0,2,11.98,0,0,3.64975,2.876666667,0,1.51875,5.546995378,1.2425,3.406285714,5.556666667,0,1.49,3.59,0,3.4,6.559125039,0,0,3.516395346,0,0,5.99,0,865.51,41.21476191,4
327840534,0,0,2,2,0,0,1,2.79,0,0,0,0,0,0,0,0,1,7.19,0,0,0,0,0,0,0,0,0,0,0,0,0,0,0,0,0,0,0,0,0,0,0,0,0,0,0,0,0,2.79,0,0,0,0,7.19,0,0,0,0,0,0,0,0,0,0,0,0,0,0,9.98,0.475238095,4
330997172,0,0,20,20,1,2.09,0,0,0,0,0,0,0,0,4,4,2,14.98,2,4.99,0,0,0,0,2,2.38,0,0,0,0,0,0,0,0,0,0,0,0,0,0,0,0,4,13.96,4,5.26,2.09,0,0,0,0,1,7.49,2.495,0,0,1.19,0,0,0,0,0,0,0,0,3.49,1.315,47.66,2.26952381,4
343599361,0,0,48,48,47,144.67,1,2.99,0,0,3,3.79,49.541,330.69,6,7.57,6.375,26.66,3,12.77,0,0,0,0,0,0,0,0,0,0,1,2.04,0,0,4.5,20.77,9.25,62.6,10,62.93,0,0,1,7.49,10,3.4,3.078085106,2.99,0,1.263333333,6.675077209,1.261666667,4.181960784,4.256666667,0,0,0,0,0,2.04,0,0,4.615555556,6.767567568,6.293,7.49,0.34,688.37,32.77952381,4
346704968,0,0,34,34,5,10.24,0,0,0,0,0,0,3.5,13.95,0,0,5.667,5.74,0,0,0,0,0,0,0,0,0,0,0,0,4,6.27,0,0,0,0,0,0,0,0,0,0,0,0,0,0,2.048,0,0,0,3.985714286,0,1.012881595,0,0,0,0,0,0,1.5675,0,0,0,0,0,0,0,36.2,1.723809524,4
348399981,0,0,55,55,31,85.08,0,0,0,0,7,29.03,4,8.15,3,9.93,6,18.2,0,0,2,11.98,0,0,0,0,1,5.19,1,4.99,36.86,204.23,3.333,7.98,0,0,0,0,3,35.36,43.333,227.61,1,8.49,1,4.8,2.744516129,0,0,4.147142857,2.0375,3.31,3.033333333,0,5.99,0,0,5.19,4.99,5.54069452,2.394239424,5.252578866,0,0,11.78666667,8.49,4.8,661.02,31.47714286,4
351208244,0,0,11,11,1,89.99,0,0,0,0,0,0,0,0,0,0,0,0,0,0,0,0,0,0,0,0,0,0,0,0,0,0,0,0,0,0,0,0,0,0,0,0,0,0,0,0,89.99,0,0,0,0,0,0,0,0,0,0,0,0,0,0,0,0,0,0,0,0,89.99,4.285238095,4
351798368,0,442,477,35,8,23.05,0,0,0,0,0,0,7.5,33.47,4,9.33,12,36.89,4,29.46,0,0,0,0,0,0,3,3.96,0,0,1,2.99,0,0,3,16.78,4,53.96,0,0,2.833,10.83,1,4.99,0,0,2.88125,0,0,0,4.462666667,2.3325,3.074166667,7.365,0,0,0,1.32,0,2.99,0,3.822802683,5.593333333,13.49,0,4.99,0,225.71,10.74809524,4
358887628,0,0,0,0,0,0,0,0,0,0,3,32.97,0,0,0,0,1,2.99,0,0,0,0,1,11.24,0,0,2,12.98,0,0,0,0,0,0,0,0,0,0,0,0,0,0,0,0,0,0,0,0,0,10.99,0,0,2.99,0,0,11.24,0,6.49,0,0,0,0,0,0,0,0,0,60.18,2.865714286,4
365311448,0,12,18,6,0,0,0,0,0,0,0,0,5,45.95,0,0,0,0,0,0,0,0,0,0,0,0,0,0,0,0,0,0,0,0,0,0,0,0,0,0,0,0,0,0,0,0,0,0,0,0,9.19,0,0,0,0,0,0,0,0,0,0,0,0,0,0,0,0,45.95,2.188095238,4
366209591,0,0,47,47,11.5,37.1,11,8.25,0,0,1,0.89,12.5,68.72,2,4.52,13.625,52.36,0,0,0,0,1,1.6,0,0,0,0,0,0,22.486,128.88,0,0,26.137,77.95,0,0,0,0,9.75,38.27,0,0,0,0,3.226086957,0.75,0,0.89,5.4976,2.26,3.84293578,0,0,1.6,0,0,0,5.731566308,0,3.925128205,2.982362169,0,0,0,0,418.54,19.93047619,4
368122750,0,0,2,2,0,0,0,0,0,0,1,5.99,0,0,1,2.49,0,0,0,0,0,0,0,0,8,19.93,0,0,0,0,0,0,0,0,0,0,0,0,1,7.99,0,0,0,0,0,0,0,0,0,5.99,0,2.49,0,0,0,0,2.49125,0,0,0,0,0,0,0,7.99,0,0,36.4,1.733333333,4
371024639,0,0,48,48,14,44.04,1,1.49,0,0,22,86.36,8.445,21.78,4,16.47,40.792,206.58,3,9.93,1,3.99,4,9.4,0,0,0,0,12,42.4,3,19.02,8.194,39,3,8.91,2.056,7.85,0,0,7.194,17.76,1,4.04,0,0,3.145714286,1.49,0,3.925454546,2.579040853,4.1175,5.06422828,3.31,3.99,2.35,0,0,3.533333333,6.34,4.759580181,2.468723937,2.97,3.818093385,0,4.04,0,539.02,25.66761905,4
375385929,0,0,3,3,2,2.62,0,0,0,0,0,0,0,0,2,2,1,0.79,0,0,0,0,0,0,0,0,0,0,0,0,0,0,8,39.92,0,0,0,0,0,0,0,0,0,0,0,0,1.31,0,0,0,0,1,0.79,0,0,0,0,0,0,0,4.99,0,0,0,0,0,0,45.33,2.158571429,4
376422598,0,0,44,44,1,22.99,0,0,0,0,2,9.88,21.777,105.26,6,7.63,29.681,116.42,1,4.16,0,0,0,0,0,0,0,0,0,0,0,0,0,0,0,0,0,0,2,39.98,0,0,2,21.58,2,1.41,22.99,0,0,4.94,4.833539973,1.271666667,3.922374583,4.16,0,0,0,0,0,0,0,0,0,0,19.99,10.79,0.705,329.31,15.68142857,4
378781470,0,0,20,20,2,12.68,0,0,0,0,0,0,0,0,0,0,0,0,0,0,0,0,0,0,0,0,0,0,0,0,0,0,0,0,0,0,0,0,4,4,0,0,0,0,0,0,6.34,0,0,0,0,0,0,0,0,0,0,0,0,0,0,0,0,0,1,0,0,16.68,0.794285714,4
381063437,0,0,40,40,0,0,0,0,0,0,6,23.94,0,0,0,0,0,0,0,0,0,0,0,0,0,0,0,0,0,0,0,0,0,0,0,0,2.25,40.5,0,0,0,0,0,0,0,0,0,0,0,3.99,0,0,0,0,0,0,0,0,0,0,0,0,0,18,0,0,0,64.44,3.068571429,4
393568902,0,78,109,31,7,7.08,0,0,0,0,0,0,0,0,0,0,0,0,0,0,0,0,25.361,29.45,0,0,0,0,0,0,0,0,0,0,0,0,3.375,6.74,0,0,0,0,0,0,0,0,1.011428571,0,0,0,0,0,0,0,0,1.161231813,0,0,0,0,0,0,0,1.997037037,0,0,0,43.27,2.060476191,4
402183693,0,10,49,39,0,0,0,0,0,0,0,0,4.5,16.46,1,2.25,24,31.04,5,6.93,0,0,2,3.98,1,3.59,0,0,1,2.79,0,0,0,0,10,65.41,1,4.19,1,8.98,0,0,9,62.86,2,2.32,0,0,0,0,3.657777778,2.25,1.293333333,1.386,0,1.99,3.59,0,2.79,0,0,0,6.541,4.19,8.98,6.984444444,1.16,210.8,10.03809524,4
402780191,0,451,496,45,1,2.19,0,0,0,0,0,0,17.5,42.2,3,7.99,31,92.83,3,14.77,1,0.84,0,0,3,3.12,2,16.72,0,0,6.5,59.09,3,26.37,1.25,2.81,0,0,5,18.97,0,0,1,3.49,2,5.38,2.19,0,0,0,2.411428571,2.663333333,2.994516129,4.923333333,0.84,0,1.04,8.36,0,9.090769231,8.79,0,2.248,0,3.794,3.49,2.69,296.77,14.13190476,4
410580120,0,451,482,31,7,14.93,0,0,0,0,0,0,3,14.98,3,2.97,1,7.49,0,0,0,0,1,2.39,1,0.6,0,0,0,0,0,0,0,0,0,0,7.07,68.42,2,2,6,7.98,1,1.97,1,2.09,2.132857143,0,0,0,4.993333333,0.99,7.49,0,0,2.39,0.6,0,0,0,0,1.33,0,9.677510608,1,1.97,2.09,125.82,5.991428571,4
415705300,0,0,47,47,9,23.16,1,2.97,0,0,0,0,0,0,2,5.26,1,3.99,1,8.99,0,0,0,0,2,9.48,1,8.39,0,0,12.612,97.44,0,0,0,0,3.5,16.67,0,0,6.862,55.53,0,0,0,0,2.573333333,2.97,0,0,0,2.63,3.99,8.99,0,0,4.74,8.39,0,7.725975262,0,8.092392888,0,4.762857143,0,0,0,231.88,11.04190476,4
418992160,0,297,308,11,2,4.58,0,0,0,0,0,0,0,0,2,3.49,0,0,0,0,0,0,0,0,0,0,0,0,0,0,0,0,0,0,0,0,0,0,0,0,0,0,0,0,0,0,2.29,0,0,0,0,1.745,0,0,0,0,0,0,0,0,0,0,0,0,0,0,0,8.07,0.384285714,4
424562015,0,0,45,45,2,38.98,10,73.4,4,65.17,0,0,4,5.98,0,0,12.319,30.61,0,0,6,11.21,19,18.62,2,3.48,0,0,0,0,0,0,0,0,0,0,0,0,2,21.48,0,0,0,0,2,6.68,19.49,7.34,16.2925,0,1.495,0,2.484779609,0,1.868333333,0.98,1.74,0,0,0,0,0,0,0,10.74,0,3.34,275.61,13.12428571,4
424856201,0,0,2,2,0,0,0,0,0,0,0,0,0,0,0,0,9,10.86,0,0,0,0,3,4.47,0,0,2,11.98,0,0,0,0,0,0,0,0,0,0,0,0,0,0,0,0,0,0,0,0,0,0,0,0,1.206666667,0,0,1.49,0,5.99,0,0,0,0,0,0,0,0,0,27.31,1.300476191,4
430200550,0,0,22,22,27.5,181.1,12,31.74,0,0,1,4.49,7.167,17.16,2,3.98,52.5,237.69,14,62.86,0,0,4,13.8,6,12.18,14,52.8,2,2.86,8.528,39.25,6,28.08,3.5,10.47,0,0,0,0,13.125,39.95,1.167,10.94,2,8.98,6.585454546,2.645,0,4.49,2.394307242,1.99,4.527428571,4.49,0,3.45,2.03,3.771428571,1.43,4.602485929,4.68,3.043809524,2.991428571,0,0,9.374464439,4.49,758.33,36.11095238,4
432405330,0,0,48,48,0,0,24,88.26,5,43.72,0,0,0,0,5,6.99,9,69.84,0,0,1,4.79,1,0.5,1,2.99,0,0,1,1.37,0,0,0,0,0,0,0,0,7,74.8,0,0,0,0,0,0,0,3.6775,8.744,0,0,1.398,7.76,0,4.79,0.5,2.99,0,1.37,0,0,0,0,0,10.68571429,0,0,293.26,13.96476191,4
434665543,0,0,2,2,0,0,0,0,0,0,0,0,0,0,0,0,0,0,0,0,0,0,0,0,0,0,2,5.98,0,0,0,0,0,0,0,0,0,0,0,0,0,0,0,0,2,2.58,0,0,0,0,0,0,0,0,0,0,0,2.99,0,0,0,0,0,0,0,0,1.29,8.56,0.407619048,4
437168271,0,0,1,1,1,1.07,0,0,0,0,1,1.49,0,0,6,5.35,0,0,0,0,0,0,0,0,0,0,0,0,0,0,0,0,0,0,0,0,0,0,0,0,0,0,0,0,0,0,1.07,0,0,1.49,0,0.891666667,0,0,0,0,0,0,0,0,0,0,0,0,0,0,0,7.91,0.376666667,4
437372279,0,32,73,41,6,15.39,0,0,0,0,0,0,11.5,35.65,2,6.48,8,22.78,0,0,0,0,0,0,0,0,0,0,0,0,0,0,0,0,2.5,8.99,0,0,0,0,0,0,0,0,0,0,2.565,0,0,0,3.1,3.24,2.8475,0,0,0,0,0,0,0,0,0,3.596,0,0,0,0,89.29,4.251904762,4
440618049,0,450,502,52,104,238.08,15,23.99,0,0,8,15.47,50.305,179.74,47,64.45,95.472,318.57,13,34,3,16.62,17,36.77,0,0,5,9.36,0,0,44.306,171.72,10.943,36.17,4.5,16.47,5.375,16.43,4,3.4,12.25,57.99,9.25,53.14,15,38.1,2.289230769,1.599333333,0,1.93375,3.573004672,1.371276596,3.336789844,2.615384615,5.54,2.162941177,0,1.872,0,3.875773033,3.30530933,4.733877551,3.66,3.056744186,0.85,5.744864865,2.54,1330.47,63.35571429,4
444215719,0,0,28,28,2,3.37,0,0,0,0,12,88.36,0,0,0,0,5,11.95,0,0,0,0,0,0,1,1.99,0,0,0,0,0,0,2.5,9.73,0,0,0,0,1,7.2,0,0,0,0,3,7.07,1.685,0,0,7.363333333,0,0,2.39,0,0,0,1.99,0,0,0,3.892,0,0,0,7.2,0,2.356666667,129.67,6.174761905,4
453413858,0,457,482,25,0,0,0,0,0,0,4,9.96,0,0,0,0,1,0.99,0,0,0,0,0,0,0,0,0,0,0,0,0,0,0,0,0,0,0,0,0,0,0,0,0,0,0,0,0,0,0,2.49,0,0,0.99,0,0,0,0,0,0,0,0,0,0,0,0,0,0,10.95,0.521428571,4
458450731,0,0,1,1,0,0,11,15.86,0,0,0,0,0,0,0,0,24,129.16,0,0,0,0,8,15.92,2,15.98,0,0,0,0,0,0,1,14.99,0,0,0,0,0,0,0,0,0,0,5,11.8,0,1.441818182,0,0,0,0,5.381666667,0,0,1.99,7.99,0,0,0,14.99,0,0,0,0,0,2.36,203.71,9.700476191,4
459210969,0,0,46,46,10,21.73,0,0,0,0,0,0,0,0,0,0,27,125.05,0,0,1,1.11,2,1,0,0,5,12.45,1,2.99,2.222,11.25,0.5,2.25,0,0,33.445,98.18,0,0,0,0,1,7.49,1,2.49,2.173,0,0,0,0,0,4.631481482,0,1.11,0.5,0,2.49,2.99,5.063006301,4.5,0,0,2.935565854,0,7.49,2.49,285.99,13.61857143,4
459215992,0,0,19,19,0,0,0,0,2,3.94,1,0.5,2.084,5.99,1,1.97,1,1,0,0,0,0,0,0,0,0,0,0,0,0,0.583,2.04,0.25,1.37,0.472,1.41,0,0,0,0,0,0,0,0,0,0,0,0,1.97,0.5,2.87428023,1.97,1,0,0,0,0,0,0,3.499142367,5.48,0,2.987288136,0,0,0,0,18.22,0.867619048,4
459745451,0,7,7,0,0,0,0,0,0,0,1,3.19,0,0,0,0,0,0,0,0,0,0,0,0,0,0,0,0,0,0,0,0,0,0,0,0,0.5,4.5,0,0,0,0,0,0,0,0,0,0,0,3.19,0,0,0,0,0,0,0,0,0,0,0,0,0,9,0,0,0,7.69,0.366190476,4
473731776,0,0,20,20,2,7.18,0,0,0,0,0,0,0,0,1,1.69,2,9.98,0,0,0,0,0,0,0,0,0,0,0,0,0,0,0,0,0,0,0,0,0,0,0,0,0,0,0,0,3.59,0,0,0,0,1.69,4.99,0,0,0,0,0,0,0,0,0,0,0,0,0,0,18.85,0.897619048,4
474919909,0,0,15,15,0,0,0,0,0,0,0,0,0,0,0,0,2,8.96,0,0,0,0,0,0,0,0,0,0,0,0,0,0,0,0,0,0,0,0,0,0,0,0,0,0,0,0,0,0,0,0,0,0,4.48,0,0,0,0,0,0,0,0,0,0,0,0,0,0,8.96,0.426666667,4
478594443,0,0,32,32,9,19.61,0,0,0,0,4,4.78,0,0,2,5.26,19.25,87.55,0,0,0,0,2,2.06,0,0,0,0,0,0,5.75,23.96,0,0,24.262,62.74,0,0,0,0,0,0,2,10.54,0,0,2.178888889,0,0,1.195,0,2.63,4.548051948,0,0,1.03,0,0,0,4.166956522,0,0,2.585936856,0,0,5.27,0,216.5,10.30952381,4
478704968,0,0,0,0,0,0,3,4.82,0,0,0,0,0,0,0,0,11,24.2,0,0,0,0,1,0.89,0,0,1,0.48,0,0,1,5.99,0,0,2.25,6.27,0,0,2,2,0,0,0,0,2,6.54,0,1.606666667,0,0,0,0,2.2,0,0,0.89,0,0.48,0,5.99,0,0,2.786666667,0,1,0,3.27,51.19,2.437619048,4
484606041,0,0,3,3,3,7.17,0,0,0,0,17,92.53,0,0,0,0,0,0,0,0,0,0,0,0,0,0,0,0,0,0,0,0,0,0,0,0,0,0,0,0,0,0,0,0,0,0,2.39,0,0,5.442941177,0,0,0,0,0,0,0,0,0,0,0,0,0,0,0,0,0,99.7,4.747619048,4
485554596,0,365,386,21,0,0,0,0,0,0,1,1.27,2.5,19.82,3,4.32,1,0,0,0,0,0,0,0,0,0,0,0,0,0,0,0,0,0,0.5,2.96,2,8.5,0,0,0,0,1,79.99,0,0,0,0,0,1.27,7.928,1.44,0,0,0,0,0,0,0,0,0,0,5.92,4.25,0,79.99,0,116.86,5.564761905,4
500880810,0,0,3,3,14,57.1,0,0,0,0,0,0,0,0,2,5.72,3,20.92,0,0,0,0,0,0,1,4.34,0,0,0,0,0,0,0,0,0,0,0,0,0,0,0,0,0,0,2,10.4,4.078571429,0,0,0,0,2.86,6.973333333,0,0,0,4.34,0,0,0,0,0,0,0,0,0,5.2,98.48,4.68952381,4
508025517,86,76,184,22,0,0,0,0,0,0,0,0,0,0,1,1.39,9.917,49.84,0,0,0,0,0,0,0,0,0,0,0,0,0,0,0,0,0,0,0,0,0,0,0,0,0,0,0,0,0,0,0,0,0,1.39,5.025713421,0,0,0,0,0,0,0,0,0,0,0,0,0,0,51.23,2.43952381,4
528529662,0,9,16,7,0,0,0,0,0,0,0,0,0,0,0,0,9,62.74,0,0,0,0,0,0,0,0,0,0,0,0,0,0,0,0,0,0,0,0,0,0,0,0,0,0,0,0,0,0,0,0,0,0,6.971111111,0,0,0,0,0,0,0,0,0,0,0,0,0,0,62.74,2.987619048,4
530868850,0,0,15,15,0,0,0,0,0,0,9,29.01,0,0,0,0,0,0,0,0,0,0,0,0,0,0,0,0,0,0,0,0,0,0,0,0,0,0,1,14.95,0,0,0,0,0,0,0,0,0,3.223333333,0,0,0,0,0,0,0,0,0,0,0,0,0,0,14.95,0,0,43.96,2.093333333,4
532921012,0,443,483,40,0,0,4,14.35,0,0,17,48.33,0,0,3,1.4,11,26.89,6,1.8,0,0,4,9.86,1,6.4,0,0,15,82.95,0,0,9,44.92,0,0,0,0,2,22.36,0,0,0,0,1,4.19,0,3.5875,0,2.842941177,0,0.466666667,2.444545455,0.3,0,2.465,6.4,0,5.53,0,4.991111111,0,0,0,11.18,0,4.19,263.45,12.5452381,4
535148845,0,0,38,38,8,30.75,5,26.31,0,0,2,2.27,16.653,101.26,2,2.58,35.5,217.5,0,0,19,52.67,1,0.5,8,33.35,0,0,0,0,0,0,0,0,1,8.99,0,0,0,0,10,7.45,3.5,25.48,7,14.47,3.84375,5.262,0,1.135,6.080586081,1.29,6.126760563,0,2.772105263,0.5,4.16875,0,0,0,0,0.745,8.99,0,0,7.28,2.067142857,523.58,24.93238095,4
539586289,0,457,493,36,33,54.28,0,0,0,0,4,20.36,70.529,325.02,3,4.64,2,6.95,0,0,0,0,0,0,4,25.97,0,0,0,0,0,0,0,0,0,0,0,0,0,0,0,0,0,0,0,0,1.644848485,0,0,5.09,4.608317146,1.546666667,3.475,0,0,0,6.4925,0,0,0,0,0,0,0,0,0,0,437.22,20.82,4
547536557,0,260,290,30,1,2.39,0,0,0,0,0,0,0,0,3,6.38,3,22.63,1,14.99,0,0,0,0,2,6.73,1,4,0,0,0,0,0,0,0,0,7,96.07,0,0,0,0,0,0,1,1.29,2.39,0,0,0,0,2.126666667,7.543333333,14.99,0,0,3.365,4,0,0,0,0,0,13.72428571,0,0,1.29,154.48,7.356190476,4
555417633,0,0,1,1,0,0,0,0,0,0,3,8.97,0,0,0,0,7,24.03,0,0,3,12.97,1,0.5,0,0,2,1.98,0,0,0,0,0,0,0,0,0,0,0,0,0,0,2,19.98,0,0,0,0,0,2.99,0,0,3.432857143,0,4.323333333,0.5,0,0.99,0,0,0,0,0,0,0,9.99,0,68.43,3.258571429,4
557192960,0,11,56,45,44.583,259.14,0,0,0,0,27,88.6,36.445,168.42,5,8.9,0,0,2,2,0,0,0,0,1,11.19,5,16.12,0,0,12.375,82.35,0,0,1,2.81,1,3.59,1,1,3.125,17.24,0,0,0,0,5.81252944,0,0,3.281481482,4.621210043,1.78,0,1,0,0,11.19,3.224,0,6.654545455,0,5.5168,2.81,3.59,1,0,0,661.36,31.49333333,4
560881716,0,0,6,6,0,0,4,12.45,0,0,0,0,0,0,2,10.63,19,94.14,3,11.17,2,14.26,23,43.62,1,3.19,3,11.97,0,0,0,0,0.556,1.66,0,0,0.639,4.1,0,0,0,0,0,0,7,8.33,0,3.1125,0,0,0,5.315,4.954736842,3.723333333,7.13,1.896521739,3.19,3.99,0,0,2.985611511,0,0,6.41627543,0,0,1.19,215.52,10.26285714,4
565081155,0,420,438,18,13,33.86,0,0,0,0,0,0,0,0,3,2.86,2,4.08,0,0,0,0,0,0,3,1.81,0,0,0,0,2.083,10.39,0,0,0,0,1,6.49,0,0,0,0,0,0,0,0,2.604615385,0,0,0,0,0.953333333,2.04,0,0,0,0.603333333,0,0,4.98799808,0,0,0,6.49,0,0,0,59.49,2.832857143,4
568430599,0,0,48,48,5,15.18,3,11.57,0,0,17,70.15,0,0,0,0,14,39.79,1,0.76,3,9.17,4,7.66,0,0,3,5.97,3,5.72,0,0,0,0,0,0,4,43.17,0,0,0,0,0,0,4,9.36,3.036,3.856666667,0,4.126470588,0,0,2.842142857,0.76,3.056666667,1.915,0,1.99,1.906666667,0,0,0,0,10.7925,0,0,2.34,218.5,10.40476191,4
569543234,0,0,40,40,1,3.59,0,0,0,0,0,0,3,23.97,1,0.8,17,49.18,1,10.19,0,0,0,0,0,0,0,0,1,0.78,0,0,0,0,0,0,0,0,0,0,0,0,0,0,1,3.59,3.59,0,0,0,7.99,0.8,2.892941177,10.19,0,0,0,0,0.78,0,0,0,0,0,0,0,3.59,92.1,4.385714286,4
570534990,0,0,27,27,0,0,6,12.34,0,0,0,0,0,0,5,9.35,2,2.98,0,0,0,0,0,0,2,5.58,0,0,0,0,0,0,0,0,0,0,0,0,0,0,0,0,0,0,2,7.98,0,2.056666667,0,0,0,1.87,1.49,0,0,0,2.79,0,0,0,0,0,0,0,0,0,3.99,38.23,1.820476191,4
582457768,0,0,11,11,0,0,0,0,0,0,0,0,0,0,0,0,0,0,0,0,0,0,0,0,1,4,0,0,0,0,0,0,0,0,0,0,0,0,0,0,0,0,0,0,0,0,0,0,0,0,0,0,0,0,0,0,4,0,0,0,0,0,0,0,0,0,0,4,0.190476191,4
591428446,0,409,410,1,0,0,0,0,0,0,0,0,9.723,49.8,2,2.78,1,5.99,0,0,0,0,0,0,0,0,0,0,0,0,0,0,2,7.99,1,5.15,0,0,0,0,0,0,0,0,0,0,0,0,0,0,5.121875964,1.39,5.99,0,0,0,0,0,0,0,3.995,0,5.15,0,0,0,0,71.71,3.414761905,4
595158452,0,260,308,48,24,73.27,0,0,0,0,5,21.25,67.389,310.98,6,27.54,105,618.48,6,55.64,3,8.57,4,14.46,3,12.87,1,12.75,5,19.3,17.139,91.73,6,34.64,0.5,5,2.875,24.23,0,0,1,4.79,6.333,54.9,4,10.23,3.052916667,0,0,4.25,4.614699728,4.59,5.890285714,9.273333333,2.856666667,3.615,4.29,12.75,3.86,5.352120894,5.773333333,4.79,10,8.427826087,0,8.668877309,2.5575,1400.63,66.69666667,4
598476547,0,442,475,33,29,103.27,0,0,0,0,0,0,0,0,1,1.99,2.999,19.6,0,0,0,0,1,2.39,0,0,0,0,0,0,4,8.38,6.333,44.39,0.334,0.68,7.833,51.48,0,0,4.5,40.24,2.444,21.71,4,10.96,3.561034483,0,0,0,0,1.99,6.535511837,0,0,2.39,0,0,0,2.095,7.00931628,8.942222222,2.035928144,6.572194562,0,8.882978723,2.74,305.09,14.52809524,4
602745549,0,434,486,52,17,47.02,0,0,1,5.84,5,9.85,0,0,8,7,6,30.24,6,19.39,0,0,0,0,0,0,0,0,5,16.45,5.75,37.47,0,0,1.639,12.6,8,95.92,0,0,3.75,16.98,2,32.48,2,9.58,2.765882353,0,5.84,1.97,0,0.875,5.04,3.231666667,0,0,0,0,3.29,6.516521739,0,4.528,7.687614399,11.99,0,16.24,4.79,340.82,16.22952381,4
606262327,0,10,15,5,15,49.13,3,12.47,0,0,0,0,2,19.98,1,3.99,17,110.55,0,0,0,0,0,0,0,0,0,0,0,0,0,0,0,0,0,0,16.75,335.45,0,0,0,0,0,0,1,11.99,3.275333333,4.156666667,0,0,9.99,3.99,6.502941177,0,0,0,0,0,0,0,0,0,0,20.02686567,0,0,11.99,543.56,25.88380952,4
621651306,0,429,463,34,14.75,32.24,2,0.4,0,0,9,9.24,7.75,39.87,7,8.83,18,93.43,10,7.5,0,0,7.625,16.06,0,0,3,8.97,1,3.99,3.125,16.87,6,24.94,0.25,1,0,0,2,1.5,0,0,0,0,4,1.22,2.185762712,0.2,0,1.026666667,5.144516129,1.261428571,5.190555556,0.75,0,2.106229508,0,2.99,3.99,5.3984,4.156666667,0,4,0,0.75,0,0.305,266.06,12.66952381,4
623452802,0,0,54,54,32,80.39,14,51.58,0,0,132,435.41,9,17.91,1,0.5,16,67.41,2,5.98,14,21.7,4,9.56,1,2.99,1,2.49,3,7.17,0,0,0,0,0,0,0,0,3,26.07,0,0,0,0,6,11.94,2.5121875,3.684285714,0,3.298560606,1.99,0.5,4.213125,2.99,1.55,2.39,2.99,2.49,2.39,0,0,0,0,0,8.69,0,1.99,741.1,35.29047619,4
625827498,0,0,11,11,0,0,0,0,0,0,0,0,2,9.88,1,0.9,1.833,3.58,0,0,0,0,0,0,0,0,0,0,0,0,0,0,0,0,0,0,0,0,0,0,0,0,0.834,12.38,0,0,0,0,0,0,4.94,0.9,1.953082379,0,0,0,0,0,0,0,0,0,0,0,0,14.8441247,0,26.74,1.273333333,4
629408816,0,447,494,47,3,9.97,23,9.13,0,0,8,27.15,13,56.21,2,2.98,21,75.41,17,17.02,0,0,10,19.72,12,15.57,0,0,1,1.02,0,0,0,0,0,0,0,0,0,0,11.111,14.7,1,4.49,14,39.51,3.323333333,0.396956522,0,3.39375,4.323846154,1.49,3.590952381,1.001176471,0,1.972,1.2975,0,1.02,0,0,1.32301323,0,0,0,4.49,2.822142857,292.88,13.94666667,4
629956095,0,0,13,13,0,0,0,0,0,0,0,0,0,0,1,1.34,0,0,0,0,4,4.49,4,5.5,0,0,0,0,0,0,0,0,15.416,72.72,0,0,0,0,0,0,1,9.1,0,0,0,0,0,0,0,0,0,1.34,0,0,1.1225,1.375,0,0,0,0,4.717176959,9.1,0,0,0,0,0,93.15,4.435714286,4
633557491,0,450,481,31,1,15.99,0,0,0,0,0,0,2,33.98,0,0,2,0.09,0,0,0,0,0,0,0,0,0,0,0,0,0,0,0,0,2,11.98,0,0,0,0,0,0,4,116.71,0,0,15.99,0,0,0,16.99,0,0.045,0,0,0,0,0,0,0,0,0,5.99,0,0,29.1775,0,178.75,8.511904762,4
633857024,0,149,149,0,0,0,0,0,0,0,0,0,5,9.95,2,2.48,6.25,21.04,0,0,0,0,0,0,0,0,0,0,2,5.98,0,0,0,0,0,0,0,0,0,0,0,0,0,0,0,0,0,0,0,0,1.99,1.24,3.3664,0,0,0,0,0,2.99,0,0,0,0,0,0,0,0,39.45,1.878571429,4
635000466,0,0,48,48,15,77.63,17,4.11,0,0,0,0,0,0,21,22.36,38.111,103.4,0,0,31,133.08,0,0,3,5.97,27,48.63,6,40.37,0,0,0,0,0,0,8,72,0,0,45.583,94.42,0,0,0,0,5.175333333,0.241764706,0,0,0,1.064761905,2.713127444,0,4.292903226,0,1.99,1.801111111,6.728333333,0,0,2.071386262,0,9,0,0,0,601.97,28.6652381,4
637105453,0,0,14,14,0,0,0,0,0,0,0,0,0,0,0,0,5.25,17.75,0,0,0,0,1,2.5,1,4.79,0,0,0,0,0,0,0.667,3.66,0,0,1,0.29,0,0,0,0,1,3.99,0,0,0,0,0,0,0,0,3.380952381,0,0,2.5,4.79,0,0,0,5.487256372,0,0,0.29,0,3.99,0,32.98,1.570476191,4
637911355,0,0,50,50,4,9.76,1,0.42,0,0,0,0,2,13.98,1,1.6,10.75,69.43,1,6.99,1,1.49,0,0,0,0,0,0,2,4.98,12,41.36,0,0,2,13.07,0,0,0,0,4.333,21.59,0,1.33E-15,1,1.69,2.44,0.42,0,0,6.99,1.6,6.458604651,6.99,1.49,0,0,0,2.49,3.446666667,0,4.982690976,6.535,0,0,0,1.69,186.36,8.874285714,4
647189091,0,163,209,46,32,117,0,0,0,0,11,44.89,7.417,30.89,16,23.84,14,52.39,0,0,1,4.99,5,7.76,1,2.99,5,11.17,6,13.88,2.333,5.74,0,0,7,41.93,1.167,15,1,8.95,0.667,7.65,0,0,1,8.49,3.65625,0,0,4.080909091,4.16475664,1.49,3.742142857,0,4.99,1.552,2.99,2.234,2.313333333,2.460351479,0,11.46926537,5.99,12.85347044,8.95,0,8.49,397.56,18.93142857,4
652164021,0,436,484,48,11,47.14,1,4.99,0,0,0,0,7,36.85,4,14.98,11,71.62,0,0,0,0,0,0,1,5.39,0,0,1,5.59,1.5,5.99,0,0,0,0,8.917,136.2,0,0,0,0,7.5,155.84,1,2.99,4.285454546,4.99,0,0,5.264285714,3.745,6.510909091,0,0,0,5.39,0,5.59,3.993333333,0,0,0,15.27419536,0,20.77866667,2.99,487.58,23.21809524,4
656415163,0,278,310,32,6,35.84,0,0,0,0,5,13.74,0,0,7,11.54,1,6.99,0,0,0,0,0,0,0,0,0,0,0,0,3,20.98,0,0,0,0,1,9.99,0,0,0,0,0,0,0,0,5.973333333,0,0,2.748,0,1.648571429,6.99,0,0,0,0,0,0,6.993333333,0,0,0,9.99,0,0,0,99.08,4.718095238,4
657126181,0,0,19,19,2,11.48,1,1.99,0,0,0,0,0,0,0,0,2,44.98,0,0,0,0,0,0,0,0,0,0,0,0,0,0,4,11.98,0,0,0,0,0,0,0,0,0,0,0,0,5.74,1.99,0,0,0,0,22.49,0,0,0,0,0,0,0,2.995,0,0,0,0,0,0,70.43,3.353809524,4
664360062,0,0,0,0,2,2.5,0,0,0,0,0,0,3,8.37,0,0,7,35.93,1,4.99,0,0,0,0,0,0,0,0,0,0,0,0,0,0,0,0,1,4.99,0,0,0,0,2,11.98,0,0,1.25,0,0,0,2.79,0,5.132857143,4.99,0,0,0,0,0,0,0,0,0,4.99,0,5.99,0,68.76,3.274285714,4
666828660,0,0,47,47,53,236.9,0,0,0,0,0,0,16.847,117.75,8,9.07,6,48.12,1,1.99,1,2.39,0,0,0,0,0,0,3,6.72,0,0,1.5,2.99,37.597,266.42,5.917,71.61,0,0,9.75,31.13,1,32.39,0,0,4.469811321,0,0,0,6.989374963,1.13375,8.02,1.99,2.39,0,0,0,2.24,0,1.993333333,3.192820513,7.086203687,12.10241677,0,32.39,0,827.48,39.40380952,4
667150197,0,336,366,30,0,0,16,51.94,2,8.98,0,0,0,0,1,1,22,28.61,0,0,0,0,0,0,0,0,0,0,3,6.27,0,0,0,0,0,0,0,0,1,8.39,0,0,0,0,0,0,0,3.24625,4.49,0,0,1,1.300454546,0,0,0,0,0,2.09,0,0,0,0,0,8.39,0,0,105.19,5.009047619,4
668610348,0,0,0,0,0,0,0,0,0,0,0,0,0,0,1,1,1,3.99,1,4.19,0,0,0,0,0,0,0,0,0,0,0,0,0,0,0,0,0,0,0,0,0,0,0,0,0,0,0,0,0,0,0,1,3.99,4.19,0,0,0,0,0,0,0,0,0,0,0,0,0,9.18,0.437142857,4
669962755,0,458,487,29,1,29.99,10,37.74,0,0,9,45.41,0,0,4,6.69,6,15.94,2,1.5,2,3.98,0,0,0,0,4,4.16,2,5.84,0,0,0,0,0,0,0,0,0,0,0,0,0,0,0,0,29.99,3.774,0,5.045555556,0,1.6725,2.656666667,0.75,1.99,0,0,1.04,2.92,0,0,0,0,0,0,0,0,151.25,7.202380952,4
671487056,0,0,29,29,1,2.09,0,0,0,0,0,0,0,0,0,0,4.5,24.16,0,0,0,0,0.111,0.17,0,0,0,0,2,5.58,1,7,0,0,0,0,0,0,0,0,0,0,0,0,6,4.44,2.09,0,0,0,0,0,5.368888889,0,0,1.531531532,0,0,2.79,7,0,0,0,0,0,0,0.74,43.44,2.068571429,4
672104965,0,0,19,19,2,3.25,0,0,0,0,23,52.12,0,0,0,0,1,0,0,0,0,0,0,0,0,0,0,0,0,0,0,0,0,0,0,0,0,0,0,0,0,0,0,0,6,26.94,1.625,0,0,2.266086957,0,0,0,0,0,0,0,0,0,0,0,0,0,0,0,0,4.49,82.31,3.91952381,4
678973686,55,321,398,22,3,5.9,0,0,0,0,61,237.81,0,0,7,29.58,0,0,0,0,0,0,0,0,0,0,0,0,8,15.23,0,0,0,0,0,0,0,0,2,16.74,3.5,14.98,0,0,1,2.49,1.966666667,0,0,3.89852459,0,4.225714286,0,0,0,0,0,0,1.90375,0,0,4.28,0,0,8.37,0,2.49,322.73,15.36809524,4
679599092,0,433,442,9,1,2.39,0,0,0,0,1,7.19,1,14.99,3,6.62,3,14.56,2,3.79,3,5.58,0,0,9,14.11,0,0,0,0,0,0,2,9.98,0,0,2.5,12.58,0,0,0,0,0.25,4.75,0,0,2.39,0,0,7.19,14.99,2.206666667,4.853333333,1.895,1.86,0,1.567777778,0,0,0,4.99,0,0,5.032,0,19,0,96.54,4.597142857,4
680822202,0,453,453,0,12,16.06,0,0,0,0,42,138.41,0,0,5,4.69,7,35.64,0,0,0,0,0,0,0,0,3,12.97,0,0,0,0,0,0,0,0,0,0,2,15.93,0,0,1,3.49,0,0,1.338333333,0,0,3.295476191,0,0.938,5.091428571,0,0,0,0,4.323333333,0,0,0,0,0,0,7.965,3.49,0,227.19,10.81857143,4
685715856,0,133,174,41,0,0,0,0,0,0,3,9.91,0.667,5,23,28.15,40,200.35,26,146.62,1,3.99,2,2.68,7,26.24,4,15.61,5,8.11,0,0,0,0,0,0,0,0,0,0,0,0,0,0,1,3.59,0,0,0,3.303333333,7.496251874,1.223913044,5.00875,5.639230769,3.99,1.34,3.748571429,3.9025,1.622,0,0,0,0,0,0,0,3.59,450.25,21.44047619,4
686573247,0,0,0,0,0,0,0,0,0,0,0,0,0,0,0,0,9,118.41,0,0,0,0,0,0,0,0,70,207.7,0,0,0,0,0,0,0,0,0,0,0,0,0,0,0,0,0,0,0,0,0,0,0,0,13.15666667,0,0,0,0,2.967142857,0,0,0,0,0,0,0,0,0,326.11,15.52904762,4
687645838,0,0,0,0,1,2.09,0,0,0,0,0,0,0,0,0,0,9,35.41,0,0,0,0,0,0,0,0,1,11.99,0,0,2,12.98,0,0,0,0,0,0,0,0,0,0,0,0,0,0,2.09,0,0,0,0,0,3.934444444,0,0,0,0,11.99,0,6.49,0,0,0,0,0,0,0,62.47,2.974761905,4
692474869,0,160,160,0,0,0,2,9.98,0,0,2,5.58,0,0,0,0,2,7.98,3,1.77,0,0,0,0,0,0,0,0,0,0,0,0,0,0,0,0,0,0,0,0,0,0,0,0,0,0,0,4.99,0,2.79,0,0,3.99,0.59,0,0,0,0,0,0,0,0,0,0,0,0,0,25.31,1.205238095,4
695106351,0,0,21,21,13,24.08,0,0,0,0,2,11.28,14.334,95.35,5,5.38,17,52.49,0,0,0,0,0,0,0,0,11,32.07,4,9.96,3,10.79,0,0,0,0,0,0,0,0,0,0,0,0,0,0,1.852307692,0,0,5.64,6.652016185,1.076,3.087647059,0,0,0,0,2.915454546,2.49,3.596666667,0,0,0,0,0,0,0,241.4,11.4952381,4
695767624,0,0,0,0,0,0,0,0,0,0,0,0,0,0,0,0,0,0,0,0,0,0,0,0,0,0,0,0,0,0,0,0,0,0,0,0,0,0,0,0,0,0,40,359.6,0,0,0,0,0,0,0,0,0,0,0,0,0,0,0,0,0,0,0,0,0,8.99,0,359.6,17.12380952,4
706046711,0,436,436,0,0,0,0,0,0,0,0,0,2.194,11.05,0,0,0,0,0,0,0,0,0,0,0,0,0,0,0,0,0,0,0,0,0,0,0,0,0,0,0,0,0,0,0,0,0,0,0,0,5.036463081,0,0,0,0,0,0,0,0,0,0,0,0,0,0,0,0,11.05,0.526190476,4
715419644,0,0,48,48,8,31.58,1,0.59,0,0,19,54.46,7.25,36.99,15,24.52,12,66.19,4,6.78,0,0,4,9.52,1,7.99,0,0,1,2.87,5,47.11,1,4.99,0,0,6.5,66.14,2,20.75,6.222,29.29,3,15.57,6,16.94,3.9475,0.59,0,2.86631579,5.102068966,1.634666667,5.515833333,1.695,0,2.38,7.99,0,2.87,9.422,4.99,4.707489553,0,10.17538462,10.375,5.19,2.823333333,442.28,21.06095238,4
715572467,0,0,48,48,11,15.57,0,0,0,0,0,0,1.5,7.13,0,0,3.5,9.75,0,0,0,0,0,0,0,0,0,0,0,0,0,0,0,0,0,0,1,5.49,0,0,0,0,0,0,0,0,1.415454546,0,0,0,4.753333333,0,2.785714286,0,0,0,0,0,0,0,0,0,0,5.49,0,0,0,37.94,1.806666667,4
717447726,0,0,0,0,0,0,0,0,0,0,0,0,0,0,0,0,0,0,0,0,0,0,0,0,0,0,0,0,0,0,4,29.96,0,0,0,0,0,0,0,0,0,0,0,0,0,0,0,0,0,0,0,0,0,0,0,0,0,0,0,7.49,0,0,0,0,0,0,0,29.96,1.426666667,4
717973655,0,445,492,47,13,24.94,30,16.3,1,11.24,12,24.5,29.917,121.73,6,6.67,22,104.37,1,2.99,0,0,7,12.54,2,2.98,5,19.73,1,3.99,0.625,5.17,1.5,5.99,7,35.85,0,0,3,2.9,0.5,3.2,3.5,14.97,9,5.56,1.918461539,0.543333333,11.24,2.041666667,4.068924023,1.111666667,4.744090909,2.99,0,1.791428571,1.49,3.946,3.99,8.272,3.993333333,6.4,5.121428571,0,0.966666667,4.277142857,0.617777778,425.62,20.26761905,4
719546236,0,431,431,0,0,0,0,0,0,0,0,0,2.444,11.83,1,1,2.167,1.08,0,0,0,0,1,1.59,4,3.97,0,0,0,0,0,0,0,0,0,0,0.75,7.19,0,0,0,0,0,0,0,0,0,0,0,0,4.840425532,1,0.498384864,0,0,1.59,0.9925,0,0,0,0,0,0,9.586666667,0,0,0,26.66,1.26952381,4
721849578,0,0,19,19,5,23.45,0,0,0,0,0,0,0,0,7,35.68,14,220.86,0,0,292,1154.04,0,0,0,0,3,10.97,0,0,0,0,0,0,0,0,0,0,0,0,0,0,0,0,1,3.49,4.69,0,0,0,0,5.097142857,15.77571429,0,3.952191781,0,0,3.656666667,0,0,0,0,0,0,0,0,3.49,1448.49,68.97571429,4
724722558,0,0,0,0,0,0,0,0,0,0,0,0,0,0,2,1,0,0,0,0,0,0,0,0,2,6.98,0,0,0,0,0,0,0,0,0,0,0,0,0,0,2,3.98,0,0,0,0,0,0,0,0,0,0.5,0,0,0,0,3.49,0,0,0,0,1.99,0,0,0,0,0,11.96,0.56952381,4
734137169,0,9,9,0,2,15.98,1,1,0,0,1,3.99,2.5,7.58,1,1,0,0,0,0,0,0,2,6.48,0,0,0,0,0,0,1.5,9,0,0,0,0,0,0,0,0,0.5,2.6,2,18.94,0,0,7.99,1,0,3.99,3.032,1,0,0,0,3.24,0,0,0,6,0,5.2,0,0,0,9.47,0,66.57,3.17,4
734987035,0,0,3,3,0,0,2,1.38,0,0,4,17.97,0,0,2,3.78,2,6.18,1,5.59,0,0,0,0,0,0,0,0,0,0,0,0,0,0,0,0,0,0,2,5.79,0,0,0,0,0,0,0,0.69,0,4.4925,0,1.89,3.09,5.59,0,0,0,0,0,0,0,0,0,0,2.895,0,0,40.69,1.937619048,4
746824259,0,64,107,43,11,44.68,0,0,0,0,1,0.24,11.75,31.65,0,0,2.75,4.81,0,0,0,0,0,0,0,0,0,0,0,0,2.5,3.59,0,0,0,0,0,0,0,0,0,0,0,0,0,0,4.061818182,0,0,0.24,2.693617021,0,1.749090909,0,0,0,0,0,0,1.436,0,0,0,0,0,0,0,84.97,4.046190476,4
748696549,0,0,44,44,2,12.72,4,16.36,0,0,11,30.59,0,0,6,12.69,24,110.4,6,29.97,1,0.89,0,0,1,4.49,0,0,0,0,0,0,0,0,0,0,0,0,2,15.05,0,0,0,0,1,2.24,6.36,4.09,0,2.780909091,0,2.115,4.6,4.995,0.89,0,4.49,0,0,0,0,0,0,0,7.525,0,2.24,235.4,11.20952381,4
756699757,0,440,476,36,2,3.43,0,0,0,0,3,9.97,36.056,154.93,2,3.24,34.139,213.97,0,0,22,45.54,0,0,0,0,0,0,0,0,0,0,6.389,59.87,0,0,6,8.43,0,0,0,0,0,0,46,94.34,1.715,0,0,3.323333333,4.296927002,1.62,6.267611822,0,2.07,0,0,0,0,0,9.370793551,0,0,1.405,0,0,2.050869565,593.72,28.27238095,4
758298202,0,433,433,0,0,0,0,0,0,0,2,3.98,0,0,0,0,0,0,0,0,0,0,0,0,0,0,0,0,0,0,0,0,0,0,0,0,0,0,0,0,0,0,0,0,0,0,0,0,0,1.99,0,0,0,0,0,0,0,0,0,0,0,0,0,0,0,0,0,3.98,0.18952381,4
759735657,0,0,4,4,0,0,0,0,0,0,3,20.97,0,0,1,1.99,5,15.78,0,0,0,0,0,0,0,0,0,0,0,0,0,0,0,0,0,0,0,0,0,0,0,0,0,0,0,0,0,0,0,6.99,0,1.99,3.156,0,0,0,0,0,0,0,0,0,0,0,0,0,0,38.74,1.844761905,4
768287666,0,188,232,44,9,15.19,0,0,0,0,17,85.87,0,0,1,2.99,18,75.39,0,0,0,0,0,0,5,22.51,0,0,0,0,9.5,50.21,0,0,0,0,0,0,3,41.97,0,0,0,0,0,0,1.687777778,0,0,5.051176471,0,2.99,4.188333333,0,0,0,4.502,0,0,5.285263158,0,0,0,0,13.99,0,0,294.13,14.00619048,4
769165481,0,438,438,0,3,6.75,0,0,0,0,2,3.38,2,11.99,0,0,0,0,0,0,0,0,0,0,0,0,0,0,0,0,0,0,0,0,0,0,2.499,9.28,0,0,0,0,0,0,0,0,2.25,0,0,1.69,5.995,0,0,0,0,0,0,0,0,0,0,0,0,3.713485394,0,0,0,31.4,1.495238095,4
769741505,0,427,438,11,0,0,0,0,0,0,0,0,0,0,0,0,3,18.99,0,0,0,0,0,0,0,0,0,0,0,0,0,0,0,0,0,0,0,0,0,0,0,0,0,0,0,0,0,0,0,0,0,0,6.33,0,0,0,0,0,0,0,0,0,0,0,0,0,0,18.99,0.904285714,4
770749943,0,0,13,13,3,5.43,0,0,0,0,6,41.94,0,0,2,11.28,9,40.89,0,0,0,0,0,0,0,0,0,0,0,0,4.153,31.33,2,11.19,0,0,0,0,0,0,0,0,0,0,0,0,1.81,0,0,6.99,0,5.64,4.543333333,0,0,0,0,0,0,7.543944137,5.595,0,0,0,0,0,0,142.06,6.764761905,4
775284797,0,0,5,5,5,19.74,0,0,0,0,20,59.35,2,11.19,1,1,1.5,4.69,0,0,0,0,0,0,0,0,0,0,0,0,0,0,0,0,8.25,33.23,0,0,0,0,0,0,0,0,0,0,3.948,0,0,2.9675,5.595,1,3.126666667,0,0,0,0,0,0,0,0,0,4.027878788,0,0,0,0,129.2,6.152380952,4
777567702,0,450,498,48,4,6.95,9,2.97,0,0,6,12.69,12.5,74.28,3,8.47,46.444,207.75,1,2.99,0,0,4,8.52,0,0,24,85.05,0,0,1.236,1.23,3,8.97,0,0,0,0,0,0,2,11.98,0,0,10,28.56,1.7375,0.33,0,2.115,5.9424,2.823333333,4.47312893,2.99,0,2.13,0,3.54375,0,0.995145631,2.99,5.99,0,0,0,0,2.856,460.41,21.92428571,4
777941923,0,0,46,46,1,0.5,0,0,0,0,6,19.44,0,0,0,0,14,29.51,18,26.33,17,18.22,13,13.36,0,0,3,5.97,3,4.47,2.625,28.18,0.778,1.94,0,0,0,0,0,0,0,0,0,0,3,8.7,0.5,0,0,3.24,0,0,2.107857143,1.462777778,1.071764706,1.027692308,0,1.99,1.49,10.7352381,2.493573265,0,0,0,0,0,2.9,156.62,7.458095238,4
779669282,0,0,6,6,0,0,0,0,0,0,2,6.98,7.375,32.88,1,2.74,4,13.86,0,0,0,0,1,1.59,0,0,3,13.57,0,0,0,0,0,0,0,0,0,0,4,29.94,0,0,0,0,2,20.98,0,0,0,3.49,4.458305085,2.74,3.465,0,0,1.59,0,4.523333333,0,0,0,0,0,0,7.485,0,10.49,122.54,5.835238095,4
781545819,0,235,284,49,13.875,44.16,50,98.55,4,31.14,3,7.37,11.772,58.46,7,15.76,38.833,123.36,9,16.25,1,2.99,7,11.3,0,0,23,87,1,1.34,4.125,16.13,42.386,190.84,5.5,23.14,16.069,92.74,1,2.99,0,0,6.167,35.87,2,4.38,3.182702703,1.971,7.785,2.456666667,4.966021067,2.251428571,3.176679628,1.805555556,2.99,1.614285714,0,3.782608696,1.34,3.91030303,4.502430048,0,4.207272727,5.771361006,2.99,5.816442355,2.19,863.77,41.13190476,4
784184996,0,451,467,16,4,18.79,0,0,0,0,9,28.46,0,0,1,1.5,9,31.57,32,77.98,0,0,0,0,0,0,4,2.36,2,3.74,0,0,13.5,95.44,1.5,10.23,0,0,0,0,0,0,0,0,17,4.42,4.6975,0,0,3.162222222,0,1.5,3.507777778,2.436875,0,0,0,0.59,1.87,0,7.06962963,0,6.82,0,0,0,0.26,274.49,13.07095238,4
785579723,0,0,0,0,0,0,0,0,0,0,0,0,0,0,0,0,1,7.79,0,0,0,0,2,9.48,1,3.99,0,0,0,0,0,0,0,0,0,0,0,0,0,0,0,0,0,0,0,0,0,0,0,0,0,0,7.79,0,0,4.74,3.99,0,0,0,0,0,0,0,0,0,0,21.26,1.012380952,4
787138007,0,0,34,34,2,4.48,0,0,0,0,4,15.71,1,1.99,7,23.44,1,2.99,0,0,2,5.38,0,0,0,0,0,0,0,0,2.889,5.67,0,0,0,0,0,0,0,0,0,0,1,4.49,0,0,2.24,0,0,3.9275,1.99,3.348571429,2.99,0,2.69,0,0,0,0,1.962616822,0,0,0,0,0,4.49,0,64.15,3.054761905,4
790452619,0,442,442,0,0,0,0,0,0,0,0,0,0,0,0,0,5,49.45,0,0,0,0,0,0,0,0,0,0,0,0,0,0,0,0,0,0,0,0,0,0,0,0,0,0,0,0,0,0,0,0,0,0,9.89,0,0,0,0,0,0,0,0,0,0,0,0,0,0,49.45,2.354761905,4
791826985,18,0,33,15,2,9.08,0,0,0,0,0,0,4,7.91,0,0,4,9.72,0,0,1,2.99,0,0,0,0,0,0,0,0,1.472,7.05,0,0,0,0,1.583,3.88,0,0,1,1.99,1.875,10.79,0,0,4.54,0,0,0,1.9775,0,2.43,0,2.99,0,0,0,0,4.789402174,0,1.99,0,2.451042325,0,5.754666667,0,53.41,2.543333333,4
792279390,0,185,230,45,10,52.31,0,0,0,0,1,2.8,5,7.98,7,30.72,9.25,40.27,0,0,15,37.82,1,0.5,0,0,0,0,0,0,0.5,1.4,0,0,6.458,24.78,1,4.19,0,0,0.333,4.66,0,0,4,10.64,5.231,0,0,2.8,1.596,4.388571429,4.353513514,0,2.521333333,0.5,0,0,0,2.8,0,13.99399399,3.83710127,4.19,0,0,2.66,218.07,10.38428571,4
804244010,0,307,314,7,8,62.96,0,0,0,0,0,0,0.5,1.88,4,6.91,4,60.91,0,0,0,0,0,0,0,0,1,2.99,0,0,0,0,0,0,0,0,0,0,5,97.33,0,0,0,0,0,0,7.87,0,0,0,3.76,1.7275,15.2275,0,0,0,0,2.99,0,0,0,0,0,0,19.466,0,0,232.98,11.09428571,4
804704518,0,0,48,48,32,72.75,15,59.81,0,0,8,23.15,34.444,102.32,4,2.46,12.875,60.72,0,0,5,12.76,5,5.83,0,0,0,0,17,31.84,8,17.47,0,0,0,0,0,0,0,0,29.944,50.64,0,0,5,6.71,2.2734375,3.987333333,0,2.89375,2.970618976,0.615,4.716116505,0,2.552,1.166,0,0,1.872941177,2.18375,0,1.691156826,0,0,0,0,1.342,446.46,21.26,4
808052898,0,0,52,52,10,37.89,6,1.58,0,0,0,0,3.875,21.6,1,1.95,18,68.47,1,5.92,0,0,1,1.79,8,15.25,0,0,0,0,0,0,8,52.96,41.39,101.57,0,0,0,0,0,0,3,36.64,5,9.74,3.789,0.263333333,0,0,5.574193548,1.95,3.803888889,5.92,0,1.79,1.90625,0,0,0,6.62,0,2.45397439,0,0,12.21333333,1.948,355.36,16.92190476,4
813154929,0,0,32,32,0,0,0,0,0,0,0,0,0,0,0,0,0,0,0,0,21,72.24,0,0,0,0,0,0,0,0,0,0,0,0,0,0,0,0,0,0,0,0,0,0,0,0,0,0,0,0,0,0,0,0,3.44,0,0,0,0,0,0,0,0,0,0,0,0,72.24,3.44,4
821517380,0,449,469,20,3,16.47,2,9.38,1,5.99,0,0,0,0,2,2.19,10,43.38,0,0,0,0,3,9.97,2,33.98,1,1.49,0,0,3.75,32.82,0,0,0,0,0,0,0,0,0,0,0,0,0,0,5.49,4.69,5.99,0,0,1.095,4.338,0,0,3.323333333,16.99,1.49,0,8.752,0,0,0,0,0,0,0,155.67,7.412857143,4
821943305,0,0,49,49,26,45.68,0,0,0,0,59,195.17,4,11.96,1,1.99,5.5,23.57,0,0,0,0,0,0,0,0,1,6.79,0,0,4.862,20.79,0,0,0,0,2,13.12,0,0,1.625,4.86,0,0,2,3.62,1.756923077,0,0,3.307966102,2.99,1.99,4.285454546,0,0,0,0,6.79,0,4.2760181,0,2.990769231,0,6.56,0,0,1.81,327.55,15.59761905,4
823332945,27,81,116,8,0,0,0,0,0,0,0,0,0,0,0,0,2,2.22,0,0,0,0,0,0,0,2.22E-16,0,0,0,0,0,0,0,0,0,0,0,0,0,0,0,0,2,16.32,0,0,0,0,0,0,0,0,1.11,0,0,0,0,0,0,0,0,0,0,0,0,8.16,0,18.54,0.882857143,4
824755714,95,272,407,40,3,6.54,1,1,0,0,0,0,0,0,4,3.58,7,13.63,5,10.31,3,9.42,1,2.49,5,7.99,0,0,2,2.78,0,0,0,0,0,0,0,0,0,0,0,0,0,0,0,0,2.18,1,0,0,0,0.895,1.947142857,2.062,3.14,2.49,1.598,0,1.39,0,0,0,0,0,0,0,0,57.74,2.74952381,4
833938483,0,145,165,20,1,2.49,0,0,0,0,0,0,3,8.37,0,0,1,4.19,0,0,0,0,0,0,0,0,0,0,0,0,0,0,0,0,0,0,0,0,0,0,0,0,0,0,1,0.25,2.49,0,0,0,2.79,0,4.19,0,0,0,0,0,0,0,0,0,0,0,0,0,0.25,15.3,0.728571429,4
843685595,40,0,40,0,3,7.1,0,0,0,0,0,0,2.5,17.48,2,2.89,1,10.17,0,0,0,0,0,0,0,0,0,0,0,0,0,0,0,0,0,0,7,44.2,1,5.99,0,0,0,0,0,0,2.366666667,0,0,0,6.992,1.445,10.17,0,0,0,0,0,0,0,0,0,0,6.314285714,5.99,0,0,87.83,4.182380952,4
865378616,0,9,11,2,1,14.99,0,0,0,0,0,0,3,2.97,2,2,0,0,2,7.58,0,0,0,0,0,0,0,0,0,0,0,0,0,0,0,0,0,0,0,0,0,0,0,0,0,0,14.99,0,0,0,0.99,1,0,3.79,0,0,0,0,0,0,0,0,0,0,0,0,0,27.54,1.311428571,4
870131257,0,427,427,0,0,0,0,0,0,0,0,0,0,0,0,0,1.5,8.15,0,0,0,0,0,0,0,0,0,0,0,0,0,0,0,0,2.5,8.99,0,0,0,0,0,0,0,0,0,0,0,0,0,0,0,0,5.433333333,0,0,0,0,0,0,0,0,0,3.596,0,0,0,0,17.14,0.816190476,4
870548641,48,0,66,18,11.75,28.19,20,26.04,9,65.41,0,0,10.417,35.83,2,2.64,10,25.41,1,1,0,0,13,39.77,0,0,2,23.98,3,6.72,3.374,15.9,4.528,19.79,0,0,0,0,0,0,2.833,7.27,0,0,0,0,2.399148936,1.302,7.267777778,0,3.439569934,1.32,2.541,1,0,3.059230769,0,11.99,2.24,4.71250741,4.370583039,2.566184257,0,0,0,0,0,297.95,14.18809524,4
871590436,0,0,0,0,0,0,0,0,0,0,0,0,0,0,0,0,0,0,1,3.99,0,0,0,0,0,0,0,0,1,8.99,0,0,0,0,0,0,0,0,0,0,0,0,0,0,0,0,0,0,0,0,0,0,0,3.99,0,0,0,0,8.99,0,0,0,0,0,0,0,0,12.98,0.618095238,4
875469744,0,438,471,33,48,147.31,0,0,0,0,4,6.22,0,0,9,12.45,108.445,229.93,2,16.23,3,11.97,3,5.55,1,0.59,0,0,3,4.48,175.164,667.95,52.417,186.21,31.573,82.52,7,22.98,0,0,98.736,354.88,0,0,0,0,3.068958333,0,0,1.555,0,1.383333333,2.120245286,8.115,3.99,1.85,0.59,0,1.493333333,3.813283551,3.552473434,3.594231081,2.613625566,3.282857143,0,0,0,1749.27,83.29857143,4
875555252,0,216,228,12,5,30.35,0,0,0,0,0,0,0,0,0,0,2,3.67,0,0,0,0,0,0,0,0,0,0,0,0,0,0,0,0,0,0,0,0,0,0,0,0,0,0,0,0,6.07,0,0,0,0,0,1.835,0,0,0,0,0,0,0,0,0,0,0,0,0,0,34.02,1.62,4
883068223,0,0,43,43,2,3.68,0,0,0,0,0,0,0,0,1,1.99,1,1.59,0,0,0,0,0,0,0,0,0,0,0,0,0,0,0,0,0,0,0,0,0,0,0,0,0,0,1,1.49,1.84,0,0,0,0,1.99,1.59,0,0,0,0,0,0,0,0,0,0,0,0,0,1.49,8.75,0.416666667,4
886507722,94,0,141,47,1,2.99,2,3.79,0,0,1,1.99,27.514,45.85,1,0.73,10,24.57,3,3.8,1,2.39,1,2.99,23,57.26,0,0,2,1.98,7,20.46,0,0,0,0,0,0,1,14.99,0,0,3,16.77,26,37.69,2.99,1.895,0,1.99,1.666424366,0.73,2.457,1.266666667,2.39,2.99,2.489565217,0,0.99,2.922857143,0,0,0,0,14.99,5.59,1.449615385,238.25,11.3452381,4
886715929,0,0,34,34,9,23.22,0,0,0,0,0,0,0,0,0,0,4,11.71,0,0,0,0,0,0,0,0,6,10.66,0,0,3,22.92,0,0,0,0,0,0,0,0,0,0,0,0,0,0,2.58,0,0,0,0,0,2.9275,0,0,0,0,1.776666667,0,7.64,0,0,0,0,0,0,0,68.51,3.262380952,4
887501542,0,455,489,34,0,0,0,0,0,0,0,0,0,0,1,3.19,2,1.91,0,0,0,0,0,0,25,28.12,0,0,0,0,0,0,0,0,0,0,0,0,1,1,0,0,0,0,0,0,0,0,0,0,0,3.19,0.955,0,0,0,1.1248,0,0,0,0,0,0,0,1,0,0,34.22,1.62952381,4
894162650,0,13,42,29,0,0,0,0,0,0,0,0,0.25,1.31,4,9.47,7,18.9,0,0,0,0,5,15.85,2,11.58,2,8.49,0,0,0.653,2.7,0,0,0,0,2.347,27.08,0,0,0,0,0,0,1,4.49,0,0,0,0,5.24,2.3675,2.7,0,0,3.17,5.79,4.245,0,4.134762634,0,0,0,11.53813379,0,0,4.49,99.87,4.755714286,4
901812339,0,0,42,42,9,10.48,0,0,0,0,0,0,1.972,13.36,0,0,11,42.29,0,0,0,0,0,0,1,1.49,0,0,0,0,15,74.61,0,0,0,0,0,0,0,0,0,0,0,0,1,3.49,1.164444444,0,0,0,6.77484787,0,3.844545455,0,0,0,1.49,0,0,4.974,0,0,0,0,0,0,3.49,145.72,6.939047619,4
902461011,0,446,470,24,0,0,10,11.05,0,0,0,0,0,0,0,0,11,67.32,2,2,4,6.46,2,2.58,7,7.23,0,0,0,0,0,0,0,0,0,0,0,0,0,0,0,0,0,0,0,0,0,1.105,0,0,0,0,6.12,1,1.615,1.29,1.032857143,0,0,0,0,0,0,0,0,0,0,96.64,4.601904762,4
903559847,0,0,0,0,4,13.96,0,0,0,0,77,190.95,0,0,0,0,3,8.64,0,0,0,0,0,0,0,0,0,0,0,0,0,0,0,0,0,0,0,0,0,0,0,0,0,0,0,0,3.49,0,0,2.47987013,0,0,2.88,0,0,0,0,0,0,0,0,0,0,0,0,0,0,213.55,10.16904762,4
903858074,0,0,43,43,6,15.99,0,0,0,0,20,66.7,0,0,0,0,2,5.98,0,0,1,4.49,0,0,0,0,0,0,0,0,3,19.47,0,0,0,0,0,0,1,11.87,0,0,0,0,0,0,2.665,0,0,3.335,0,0,2.99,0,4.49,0,0,0,0,6.49,0,0,0,0,11.87,0,0,124.5,5.928571429,4
907184030,76,429,515,10,1,1.64,0,0,0,0,0,0,0,0,0,0,55.75,32.06,0,0,0,0,4,7.46,18,73.94,0,0,0,0,0,0,17,71.47,0,0,0,0,1,5.86,3.5,13.21,0,0,0,0,1.64,0,0,0,0,0,0.575067265,0,0,1.865,4.107777778,0,0,0,4.204117647,3.774285714,0,0,5.86,0,0,205.64,9.792380952,4
910432616,0,378,423,45,7,280.73,1,6.49,8,80.87,0,0,37.181,106.43,3,3.84,11,73.64,5,7.45,0,0,0,0,0,0,0,0,0,0,2.806,17.97,0,0,0,0,0,0,1,5.99,0,0,0,0,2,10.59,40.10428571,6.49,10.10875,0,2.862483527,1.28,6.694545455,1.49,0,0,0,0,0,6.404133999,0,0,0,0,5.99,0,5.295,594,28.28571429,4
912637485,0,0,36,36,3,5.42,0,0,0,0,0,0,0,0,2,3.98,1,13.99,0,0,0,0,0,0,0,0,0,0,0,0,2.75,28.02,3,17.23,0,0,0,0,0,0,0,0,0,0,1,4.49,1.806666667,0,0,0,0,1.99,13.99,0,0,0,0,0,0,10.18909091,5.743333333,0,0,0,0,0,4.49,73.13,3.482380952,4
913117917,0,429,431,2,3,2.37,6,3.39,0,0,0,0,0,0,2,2,0,0,0,0,0,0,1,0.8,0,0,0,0,0,0,0,0,0,0,0,0,0,0,0,0,0,0,0,0,0,0,0.79,0.565,0,0,0,1,0,0,0,0.8,0,0,0,0,0,0,0,0,0,0,0,8.56,0.407619048,4
917679565,95,0,95,0,2,3.2,0,0,0,0,0,0,0,0,1,1,0,0,0,0,0,0,0,0,0,0,0,0,0,0,0,0,0,0,0,0,0,0,0,0,0,0,0,0,0,0,1.6,0,0,0,0,1,0,0,0,0,0,0,0,0,0,0,0,0,0,0,0,4.2,0.2,4
919023945,0,148,150,2,1,2.29,0,0,0,0,0,0,0,0,0,0,17,31.33,0,0,0,0,0,0,0,0,0,0,0,0,0,0,0,0,0,0,0,0,0,0,0,0,0,0,0,0,2.29,0,0,0,0,0,1.842941177,0,0,0,0,0,0,0,0,0,0,0,0,0,0,33.62,1.600952381,4
924243884,0,0,6,6,0,0,2,9.94,0,0,0,0,8.375,40.85,11,14,23,99.36,4,4.97,0,0,0,0,13,15.75,1,9.59,0,0,0,0,0,0,2,9.98,7,51.53,3,3,0,0,0,0,4,8.92,0,4.97,0,0,4.87761194,1.272727273,4.32,1.2425,0,0,1.211538462,9.59,0,0,0,0,4.99,7.361428571,1,0,2.23,267.89,12.75666667,4
930782099,0,0,41,41,30,92.98,0,0,0,0,3,8.18,2,9.98,6,15.79,80.944,222.75,6,28.49,0,0,0,0,11,19.4,0,0,0,0,2,18.18,0,0,116,285.86,0,0,13,12.57,0,0,0,0,1,0.99,3.099333333,0,0,2.726666667,4.99,2.631666667,2.75190255,4.748333333,0,0,1.763636364,0,0,9.09,0,0,2.464310345,0,0.966923077,0,0.99,715.17,34.05571429,4
935831164,0,0,14,14,0,0,0,0,0,0,0,0,0,0,0,0,0,0,0,0,0,0,0,0,0,0,0,0,0,0,0.25,1.5,0.5,2,1,10,0,0,0,0,0,0,0,0,0,0,0,0,0,0,0,0,0,0,0,0,0,0,0,6,4,0,10,0,0,0,0,13.5,0.642857143,4
936065382,0,435,435,0,1,1.99,0,0,0,0,0,0,3,4.97,0,0,0,0,0,0,0,0,0,0,0,0,0,0,0,0,1,0.99,0,0,1.5,4.2,0,0,0,0,0,0,1,7.49,0,0,1.99,0,0,0,1.656666667,0,0,0,0,0,0,0,0,0.99,0,0,2.8,0,0,7.49,0,19.64,0.935238095,4
938402179,18,0,40,22,5,16.39,0,0,0,0,0,0,0,0,0,0,0,0,0,0,0,0,0,0,0,0,0,0,0,0,0,0,0,0,0,0,0,0,0,0,0,0,0,0,0,0,3.278,0,0,0,0,0,0,0,0,0,0,0,0,0,0,0,0,0,0,0,0,16.39,0.780476191,4
941061657,0,0,21,21,0,0,0,0,0,0,0,0,0,0,0,0,7,17.96,0,0,0,0,4,11.96,0,0,0,0,0,0,0,0,0,0,0,0,0,0,0,0,0,0,0,0,0,0,0,0,0,0,0,0,2.565714286,0,0,2.99,0,0,0,0,0,0,0,0,0,0,0,29.92,1.424761905,4
946360930,88,0,88,0,9,32.65,0,0,0,0,0,0,8,13.36,0,0,9,21.71,0,0,0,0,0,0,0,0,0,0,0,0,3,17.1,0,0,0,0,0.5,5,0,0,0,0,0,0,0,0,3.627777778,0,0,0,1.67,0,2.412222222,0,0,0,0,0,0,5.7,0,0,0,10,0,0,0,89.82,4.277142857,4
946699626,11,0,11,0,1,9.59,0,0,0,0,0,0,12,67.59,3,4.2,19,155.3,0,0,28,97.05,0,0,0,0,0,0,0,0,0,0,0,0,130.708,218.49,0,0,8,31.47,0,0,0,0,0,0,9.59,0,0,0,5.6325,1.4,8.173684211,0,3.466071429,0,0,0,0,0,0,0,1.671588579,0,3.93375,0,0,583.69,27.79476191,4
949347090,2,0,2,0,0,0,0,0,0,0,0,0,7.112,12.27,0,0,7,32.53,0,0,1,6.39,0,0,0,0,0,0,0,0,0,0,0,0,0,0,0,0,0,0,0.166,0.38,0,0,1,2.49,0,0,0,0,1.725253093,0,4.647142857,0,6.39,0,0,0,0,0,0,2.289156627,0,0,0,0,2.49,54.06,2.574285714,4
956750822,0,1,9,8,0,0,0,0,0,0,0,0,17,33.83,0,0,0,0,0,0,0,0,0,0,0,0,0,0,0,0,0,0,0,0,0,0,0,0,0,0,0,0,0,0,0,0,0,0,0,0,1.99,0,0,0,0,0,0,0,0,0,0,0,0,0,0,0,0,33.83,1.610952381,4
956889604,0,479,524,45,1,0.99,3,8.98,0,0,1,4.19,0,0,7,20.56,27,99.17,24,87.32,12,22.15,7,15.34,16,55.59,1,2.39,2,7.68,0,0,0,0,0,0,1,19.99,7,43.29,0.695,2.25,1,6.46,9,8.36,0.99,2.993333333,0,4.19,0,2.937142857,3.672962963,3.638333333,1.845833333,2.191428571,3.474375,2.39,3.84,0,0,3.237410072,0,19.99,6.184285714,6.46,0.928888889,404.71,19.27190476,4
960068948,14,443,485,28,0,0,7,3.45,0,0,37,131.23,4,7.96,3,5.25,1,4.79,0,0,0,0,1,1.99,0,0,0,0,2,3.02,0,0,3.5,17.47,0,0,2,3.18,0,0,0,0,0,0,0,0,0,0.492857143,0,3.546756757,1.99,1.75,4.79,0,0,1.99,0,0,1.51,0,4.991428571,0,0,1.59,0,0,0,178.34,8.492380952,4
963020334,0,381,411,30,0,0,0,0,1,14.99,0,0,0,0,0,0,4,16.54,0,0,0,0,0,0,0,0,0,0,0,0,0,0,0,0,0,0,2,15.38,0,0,0,0,0,0,1,13.99,0,0,14.99,0,0,0,4.135,0,0,0,0,0,0,0,0,0,0,7.69,0,0,13.99,60.9,2.9,4
966135204,0,46,51,5,16,58.61,0,0,0,0,0,0,0,0,3,2.07,17.208,55.38,0,0,2,7.97,4,8.16,0,0,0,0,3,17.97,0,0,0,0,8,11.83,0,0,0,0,6.5,26.47,0,0,0,0,3.663125,0,0,0,0,0.69,3.218270572,0,3.985,2.04,0,0,5.99,0,0,4.072307692,1.47875,0,0,0,0,188.46,8.974285714,4
966395733,0,92,100,8,1,1.09,0,0,0,0,0,0,6.625,26.04,4,10.97,1.5,7.19,0,0,0,0,0,0,0,0,0,0,1,1.74,0,0,0,0,0,0,0,0,0,0,0,0,0,0,0,0,1.09,0,0,0,3.930566038,2.7425,4.793333333,0,0,0,0,0,1.74,0,0,0,0,0,0,0,0,47.03,2.23952381,4
967421793,0,189,203,14,0,0,0,0,0,0,0,0,3.5,15.47,3,9,15.625,118.97,0,0,0,0,0,0,0,0,0,0,0,0,0,0,0,0,0,0,0,0,2,1.5,0,0,1.5,20.69,0,0,0,0,0,0,4.42,3,7.61408,0,0,0,0,0,0,0,0,0,0,0,0.75,13.79333333,0,165.63,7.887142857,4
968625665,0,426,443,17,7,53.53,11,26.32,2,11.53,0,0,3.375,20.23,3,3.81,3,3.67,0,0,0,0,0,0,2,14.86,0,0,0,0,0,0,0.25,2.12,0,0,0,0,0,0,0,0,0,0,0,0,7.647142857,2.392727273,5.765,0,5.994074074,1.27,1.223333333,0,0,0,7.43,0,0,0,8.48,0,0,0,0,0,0,136.07,6.47952381,4
975780115,1,202,227,24,7.722,17.87,0,0,0,0,0,0,17.25,74.77,0,0,12.5,31.05,0,0,0,0,0,0,0,0,0,0,0,0,0,0,2.5,8.08,0,0,0,0,0,0,39.945,48.36,1,6.47,0,0,2.314167314,0,0,0,4.334492754,0,2.484,0,0,0,0,0,0,0,3.232,1.210664664,0,0,0,6.47,0,186.6,8.885714286,4
976563262,0,2,18,16,0,0,0,0,0,0,0,0,0,0,0,0,10,33.29,0,0,0,0,0,0,0,0,0,0,0,0,0,0,0,0,0,0,0,0,0,0,0,0,0,0,0,0,0,0,0,0,0,0,3.329,0,0,0,0,0,0,0,0,0,0,0,0,0,0,33.29,1.585238095,4
985440452,74,274,384,36,102,286.3,13,28.19,1,11.24,26,33.85,28.875,110.3,18,41.08,66.361,271.77,3,4.47,4,6.23,1,2.99,17,34.61,0,0,3,4.77,61.611,357.54,1.556,6.46,0.875,6.57,20,151.65,0,0,37.111,175.78,5,32.45,11,56.4,2.806862745,2.168461539,11.24,1.301923077,3.81991342,2.282222222,4.095327075,1.49,1.5575,2.99,2.035882353,0,1.59,5.803184496,4.151670951,4.736601008,7.508571429,7.5825,0,6.49,5.127272727,1622.65,77.26904762,4
987550175,0,0,26,26,20,42.05,0,0,0,0,0,0,1.417,4.03,7,10.2,3,5.71,0,0,54,209.26,0,0,0,0,0,0,7,22.86,30.875,185.33,0,0,0,0,3,44.97,0,0,1,2.49,0,0,0,0,2.1025,0,0,0,2.844036697,1.457142857,1.903333333,0,3.875185185,0,0,0,3.265714286,6.002591093,0,2.49,0,14.99,0,0,0,526.9,25.09047619,4
987667417,0,0,25,25,8,17.82,0,0,0,0,0,0,0,0,0,0,8.972,18.03,0,0,0,0,1,2,0,0,2,3.81,0,0,9.361,71.19,1,7.48,0,0,7.694,29.73,0,0,0,0,0,0,0,0,2.2275,0,0,0,0,0,2.009585377,0,0,2,0,1.905,0,7.604956735,7.48,0,0,3.864049909,0,0,0,150.06,7.145714286,4
991020090,0,439,439,0,2,3.83,2,8.38,0,0,0,0,0,0,2,16.48,0,0,0,0,0,0,1,1.49,0,0,0,0,1,1.97,4.139,18.68,0,0,3.5,12.58,0,0,0,0,0,0,0,0,0,0,1.915,4.19,0,0,0,8.24,0,0,0,1.49,0,0,1.97,4.513167432,0,0,3.594285714,0,0,0,0,63.41,3.01952381,4
991073925,0,435,435,0,1,8.8,0,0,0,0,0,0,0,0,0,0,0,0,0,0,0,0,0,0,0,0,0,0,0,0,0,0,0,0,0,0,0,0,0,0,0,0,0,0,0,0,8.8,0,0,0,0,0,0,0,0,0,0,0,0,0,0,0,0,0,0,0,0,8.8,0.419047619,4
993032044,76,0,76,0,2,4.93,0,0,0,0,7,20.13,7,43.23,13,9.5,2,14.32,5,12.22,2,4.78,1,3.99,0,0,1,1.79,0,0,0,0,1,6.59,0,0,0,0,4,4,14,18.62,4.5,58.47,0,8.88E-16,2.465,0,0,2.875714286,6.175714286,0.730769231,7.16,2.444,2.39,3.99,0,1.79,0,0,6.59,1.33,0,0,1,12.99333333,0,202.57,9.646190476,4
993423011,65,0,65,0,0,0,0,0,0,0,0,0,0,0,6,4.81,6,49.98,0,0,0,0,0,0,1,8.99,0,0,0,0,0,0,0,0,0,0,0,0,0,0,0,0,0,0,0,0,0,0,0,0,0,0.801666667,8.33,0,0,0,8.99,0,0,0,0,0,0,0,0,0,0,63.78,3.037142857,4
993564558,75,0,75,0,0,0,0,0,0,0,0,0,0,0,0,0,2,29.68,0,0,0,0,0,0,0,0,0,0,15,36.96,0,0,0,0,0,0,0,0,0,0,0,0,0,0,0,0,0,0,0,0,0,0,14.84,0,0,0,0,0,2.464,0,0,0,0,0,0,0,0,66.64,3.173333333,4
993771658,75,0,75,0,0,0,1,6.35,0,0,0,0,4,4.74,2,6.22,1,8.92,0,0,0,0,1,2.12,0,0,0,0,0,0,0,0,0,0,0,0,12,40.23,0,0,0,0,0,0,0,0,0,6.35,0,0,1.185,3.11,8.92,0,0,2.12,0,0,0,0,0,0,0,3.3525,0,0,0,68.58,3.265714286,4
994858041,70,0,70,0,1,19.79,0,0,0,0,5,15.96,0,0,0,0,0,0,0,0,0,0,2,6.98,1,1.99,0,0,0,0,7.5,78.54,0,0,2.5,7.48,0,0,0,0,0,0,0,0,0,0,19.79,0,0,3.192,0,0,0,0,0,3.49,1.99,0,0,10.472,0,0,2.992,0,0,0,0,130.74,6.225714286,4
995555422,1,0,1,0,0,0,0,0,0,0,8,21.52,0,0,6,6.26,0,0,0,0,0,0,0,0,0,0,0,0,0,0,1.389,7.74,0,0,0,0,0,0,0,0,1,7.27,0,0,0,0,0,0,0,2.69,0,1.043333333,0,0,0,0,0,0,0,5.572354212,0,7.27,0,0,0,0,0,42.79,2.037619048,4
996632923,52,0,52,0,0,0,0,0,0,0,0,0,0,0,0,0,1,8.4,0,0,0,0,0,0,0,0,0,0,0,0,0,0,1,2.87,0,0,0,0,0,0,0,0,1,11.99,0,0,0,0,0,0,0,0,8.4,0,0,0,0,0,0,0,2.87,0,0,0,0,11.99,0,23.26,1.107619048,4
996938015,16,0,16,0,0,0,1,7.79,1,2.87,0,0,0,0,0,0,4,21.56,0,0,0,0,0,0,5,25.16,0,0,0,0,0,0,0,0,0,0,0,0,0,0,0,0,0,0,0,0,0,7.79,2.87,0,0,0,5.39,0,0,0,5.032,0,0,0,0,0,0,0,0,0,0,57.38,2.732380952,4
999476823,0,414,464,50,44,132.03,2,3.28,0,0,0,0,36.653,208.36,3,4.09,12,42.48,3,8.96,1,3.19,3,6.77,0,0,1,8.39,3,9.97,2,11.99,0,0,6.028,17.44,0,0,3,18.63,0,0,2,16.44,5,10.4,3.000681818,1.64,0,0,5.684664284,1.363333333,3.54,2.986666667,3.19,2.256666667,0,8.39,3.323333333,5.995,0,0,2.893165229,0,6.21,8.22,2.08,502.42,23.92476191,4
999650278,0,0,20,20,2,37.48,0,0,0,0,0,0,1.2,4.79,2,2,5,29.07,0,0,0,0,0,0,0,0,0,0,0,0,0,0,0,0,0,0,0,0,0,0,0,0,0,0,0,0,18.74,0,0,0,3.991666667,1,5.814,0,0,0,0,0,0,0,0,0,0,0,0,0,0,73.34,3.492380952,4
1000976108,69,422,510,19,0,0,0,0,0,0,0,0,2.5,12.7,0,0,0.75,3.6,0,0,0,0,0,0,0,0,0,0,0,0,0,0,0,0,0,0,0,0,0,0,0,0,0,0,0,0,0,0,0,0,5.08,0,4.8,0,0,0,0,0,0,0,0,0,0,0,0,0,0,16.3,0.776190476,4
1005816150,0,2,2,0,0,0,0,0,0,0,0,0,0,0,0,0,0,0,0,0,0,0,0,0,0,0,0,0,0,0,0,0,0,0,0,0,1.5,26.24,0,0,0,0,1.389,21.1,0,0,0,0,0,0,0,0,0,0,0,0,0,0,0,0,0,0,0,17.49333333,0,15.19078474,0,47.34,2.254285714,4
1006395881,0,206,212,6,47,175.17,0,0,0,0,0,0,5.5,37.01,0,0,9,39.09,0,0,0,0,0,0,0,0,0,0,0,0,22.111,114.72,0,0,0,0,19.362,237.03,2,23.94,0,0,1,9.19,0,0,3.727021277,0,0,0,6.729090909,0,4.343333333,0,0,0,0,0,0,5.188367781,0,0,0,12.24202045,11.97,9.19,0,636.15,30.29285714,4
1006434227,0,74,82,8,0,0,0,0,0,0,0,0,0,0,1,1,0,0,0,0,0,0,0,0,5,29.65,0,0,0,0,0,0,0,0,0,0,0,0,0,0,0,0,0,0,0,0,0,0,0,0,0,1,0,0,0,0,5.93,0,0,0,0,0,0,0,0,0,0,30.65,1.45952381,4
1006954323,0,357,378,21,11,38.41,0,0,0,0,0,0,11.972,49.15,0,0,11,44.53,0,0,0,0,2,5.38,5,4.5,0,0,0,0,0.75,6,0,0,0,0,0.5,4.5,0,0,2,5.98,0,0,4,1.21,3.491818182,0,0,0,4.10541263,0,4.048181818,0,0,2.69,0.9,0,0,8,0,2.99,0,9,0,0,0.3025,159.66,7.602857143,4
1008837476,55,0,77,22,17,40.19,0,0,0,0,3,7.87,4.25,20.18,2,2.86,37.5,95.36,0,0,9,15.44,5,8.25,2,3.92,0,0,0,0,26.611,156.09,5.5,29.51,1,5.99,5.375,30.06,0,0,2.75,9.46,0,0,0,0,2.364117647,0,0,2.623333333,4.748235294,1.43,2.542933333,0,1.715555556,1.65,1.96,0,0,5.865619481,5.365454546,3.44,5.99,5.59255814,0,0,0,425.18,20.24666667,4
1010702999,0,118,118,0,5,10.29,11,66.29,0,0,0,0,0,0,0,0,3,12.93,0,0,0,0,0,0,0,0,0,0,0,0,1,8.1,3,15.37,3,8.77,1,20.99,0,0,0,0,0,0,2,1.98,2.058,6.026363636,0,0,0,0,4.31,0,0,0,0,0,0,8.1,5.123333333,0,2.923333333,20.99,0,0,0.99,144.72,6.891428571,4
1013805427,22,0,22,0,0,0,0,0,0,0,0,0,0,0,0,0,0,0,0,0,0,0,0,0,0,0,0,0,0,0,0,0,3.5,15.42,0,0,0,0,0,0,0,0,0,0,0,0,0,0,0,0,0,0,0,0,0,0,0,0,0,0,4.405714286,0,0,0,0,0,0,15.42,0.734285714,4
1013889579,49,0,49,0,0,0,0,0,0,0,0,0,0,0,0,0,5,11.97,0,0,0,0,0,0,0,0,0,0,0,0,0,0,0,0,0,0,0,0,0,0,0,0,0,0,0,0,0,0,0,0,0,0,2.394,0,0,0,0,0,0,0,0,0,0,0,0,0,0,11.97,0.57,4
1015012774,39,0,39,0,0,0,0,0,0,0,0,0,0,0,0,0,0,0,0,0,0,0,0,0,0,0,0,0,0,0,0,0,0,0,0,0,1,7.99,0,0,0,0,2.5,23.74,0,0,0,0,0,0,0,0,0,0,0,0,0,0,0,0,0,0,0,7.99,0,9.496,0,31.73,1.510952381,4
1015040999,38,0,38,0,0,0,0,0,0,0,0,0,0,0,0,0,2.611,21.91,0,0,0,0,0,0,0,0,0,0,0,0,0,0,2,15.99,0,0,0,0,0,0,0,0,0,0,0,0,0,0,0,0,0,0,8.391420912,0,0,0,0,0,0,0,7.995,0,0,0,0,0,0,37.9,1.804761905,4
1015370222,42,0,42,0,0,0,0,0,0,0,0,0,1.778,7.1,0,0,0,0,0,0,1,1.99,0,0,0,0,0,0,0,0,0,0,0,0,0,0,3.778,17.87,0,0,0,0,1.778,11.37,0,0,0,0,0,0,3.993250844,0,0,0,1.99,0,0,0,0,0,0,0,0,4.730015881,0,6.394825647,0,38.33,1.825238095,4
1016626077,42,0,42,0,7,25.54,0,0,0,0,0,0,0,0,0,0,0,0,0,0,0,0,0,0,0,0,0,0,0,0,0,0,0,0,0,0,0,0,0,0,0,0,0,0,0,0,3.648571429,0,0,0,0,0,0,0,0,0,0,0,0,0,0,0,0,0,0,0,0,25.54,1.216190476,4
1018535037,34,0,34,0,0,0,0,0,0,0,1,4.79,0,0,0,0,0,0,0,0,0,0,0,0,0,0,0,0,0,0,0,0,0,0,0,0,0,0,0,0,0,0,0,0,0,0,0,0,0,4.79,0,0,0,0,0,0,0,0,0,0,0,0,0,0,0,0,0,4.79,0.228095238,4
1021844483,0,0,5,5,0,0,0,0,0,0,0,0,0,0,2,2,10,45.23,2,11.58,0,0,1,2.56,0,0,0,0,0,0,0,0,0,0,0,0,0,0,0,0,0,0,0,0,0,0,0,0,0,0,0,1,4.523,5.79,0,2.56,0,0,0,0,0,0,0,0,0,0,0,61.37,2.922380952,4
1022253296,0,180,181,1,13,72.81,4,13.06,0,0,0,0,5,13.19,6,6.76,5,13.26,1,0.8,0,0,2,1.94,0,0,1,4.19,0,0,1.722,8.16,0,0,0,0,4,30.96,0,0,0,0,0,0,1,5.99,5.600769231,3.265,0,0,2.638,1.126666667,2.652,0.8,0,0.97,0,4.19,0,4.738675958,0,0,0,7.74,0,0,5.99,171.12,8.148571429,4
1023490913,0,274,274,0,2,3.18,0,0,0,0,0,0,0,0,0,0,0,0,0,0,0,0,0,0,0,0,0,0,0,0,0,0,0,0,0,0,0,0,0,0,11.875,12.64,0,0,0,0,1.59,0,0,0,0,0,0,0,0,0,0,0,0,0,0,1.064421053,0,0,0,0,0,15.82,0.753333333,4
1025911197,0,78,95,17,19,251.85,1,2.39,0,0,0,0,8,77.29,3,3.22,11.695,20.04,0,0,2,3.58,0,0,0,0,0,0,0,0,0,0,0,0,3.945,17.23,0,0,3,6.99,0,0,0,0,0,0,13.25526316,2.39,0,0,9.66125,1.073333333,1.7135528,0,1.79,0,0,0,0,0,0,0,4.367553866,0,2.33,0,0,382.59,18.21857143,4
1040165233,0,0,14,14,1,1.95,0,0,0,0,0,0,0,0,0,0,0,0,0,0,0,0,0,0,0,0,0,0,0,0,0,0,0,0,0,0,0,0,0,0,0,0,0,0,0,0,1.95,0,0,0,0,0,0,0,0,0,0,0,0,0,0,0,0,0,0,0,0,1.95,0.092857143,4
1040192427,0,0,6,6,0,0,0,0,0,0,0,0,0,0,0,0,13,104.87,1,2.24,0,0,2,3.98,0,0,0,0,0,0,0,0,0,0,0,0,0,0,0,0,0,0,0,0,0,0,0,0,0,0,0,0,8.066923077,2.24,0,1.99,0,0,0,0,0,0,0,0,0,0,0,111.09,5.29,4
1041248020,0,0,9,9,12,29.86,0,0,0,0,0,0,0,0,0,0,0,0,0,0,0,0,0,0,1,3.99,0,0,0,0,0,0,0,0,0,0,0,0,0,0,0,0,0,0,0,0,2.488333333,0,0,0,0,0,0,0,0,0,3.99,0,0,0,0,0,0,0,0,0,0,33.85,1.611904762,4
1046311864,0,194,194,0,2,1.98,0,0,0,0,0,0,2,6.98,3,3.87,1,1.99,0,0,0,0,0,0,0,0,0,0,0,0,0,0,0,0,0,0,0,0,0,0,0,0,0,0,0,0,0.99,0,0,0,3.49,1.29,1.99,0,0,0,0,0,0,0,0,0,0,0,0,0,0,14.82,0.705714286,4
1047156151,0,178,178,0,2,11.28,0,0,0,0,0,0,0,0,4,5.23,0,0,0,0,0,0,0,0,0,0,0,0,2,7.48,0,0,0,0,2.063,12.55,0,0,0,0,0,0,0,0,0,0,5.64,0,0,0,0,1.3075,0,0,0,0,0,0,3.74,0,0,0,6.083373728,0,0,0,0,36.54,1.74,4
1049764267,31,0,31,0,0,0,3,2.4,0,0,0,0,0,0,1,1.43,10,14,1,1.79,0,0,0,0,0,0,0,0,0,0,1,5.04,0,0,0,0,0,0,0,0,0,0,0,0,0,0,0,0.8,0,0,0,1.43,1.4,1.79,0,0,0,0,0,5.04,0,0,0,0,0,0,0,24.66,1.174285714,4
1049818279,31,0,31,0,1,2.39,0,0,0,0,0,0,0,0,0,0,0,0,0,0,0,0,0,0,0,0,0,0,0,0,3,14.39,0,0,0,0,0,0,0,0,0,0,0,0,0,0,2.39,0,0,0,0,0,0,0,0,0,0,0,0,4.796666667,0,0,0,0,0,0,0,16.78,0.799047619,4
1049870148,31,0,31,0,0,0,38,19.72,7,64.93,0,0,0,0,2,19.98,7,69.33,0,0,0,0,0,0,0,0,0,0,0,0,0,0,0,0,0,0,0,0,0,0,0,0,0,0,1,3.74,0,0.518947368,9.275714286,0,0,9.99,9.904285714,0,0,0,0,0,0,0,0,0,0,0,0,0,3.74,177.7,8.461904762,4
1050111408,31,0,31,0,0,0,1,2.39,0,0,0,0,0,0,0,0,1,1.59,1,3.2,0,0,0,0,0,0,0,0,0,0,0,0,0,0,0,0,0,0,0,0,0,0,0,0,2,5.18,0,2.39,0,0,0,0,1.59,3.2,0,0,0,0,0,0,0,0,0,0,0,0,2.59,12.36,0.588571429,4
1050326220,31,0,31,0,0,0,0,0,0,0,0,0,0,0,2,2.22,0,0,0,0,0,0,0,0,0,0,0,0,0,0,0,0,0,0,0,0,0,0,0,0,7.083,76.8,0,0,0,0,0,0,0,0,0,1.11,0,0,0,0,0,0,0,0,0,10.84286319,0,0,0,0,0,79.02,3.762857143,4
1050708682,28,0,28,0,1,3.19,0,0,0,0,0,0,3.945,12.41,0,0,2,9.6,0,0,0,0,0,0,0,0,0,0,0,0,0,0,0,0,0,0,0,0,0,0,0,0,0,0,0,0,3.19,0,0,0,3.145754119,0,4.8,0,0,0,0,0,0,0,0,0,0,0,0,0,0,25.2,1.2,4
1050722246,28,0,28,0,1,3.19,0,0,0,0,0,0,0,0,0,0,0,0,0,0,3,11.22,0,0,0,0,0,0,0,0,1.861,9.2,0,0,0,0,0,0,0,0,0.667,9.33,0,0,1,3.99,3.19,0,0,0,0,0,0,0,3.74,0,0,0,0,4.943578721,0,13.988006,0,0,0,0,3.99,36.93,1.758571429,4
1051203352,29,0,29,0,2,5.88,0,0,0,0,0,0,5.5,28.25,3,3.57,17.25,86.64,0,0,0,0,1,3.49,40,104.07,0,0,0,0,0,0,3.25,20.98,9.917,53.52,0,0,0,0,13.5,16.1,8,36.34,4,19.96,2.94,0,0,0,5.136363636,1.19,5.022608696,0,0,3.49,2.60175,0,0,0,6.455384615,1.192592593,5.396793385,0,0,4.5425,4.99,378.8,18.03809524,4
1051290615,29,0,29,0,0,0,0,0,0,0,0,0,0,0,0,0,2,3.99,0,0,0,0,0,0,0,0,0,0,1,1.83,0,0,0,0,0,0,0,0,0,0,0,0,0,0,0,0,0,0,0,0,0,0,1.995,0,0,0,0,0,1.83,0,0,0,0,0,0,0,0,5.82,0.277142857,4
1051507448,28,0,28,0,0,0,0,0,0,0,0,0,0,0,0,0,0,0,0,0,0,0,0,0,0,0,0,0,0,0,0,0,0,0,0,0,2.001,24,0,0,0,0,0,0,0,0,0,0,0,0,0,0,0,0,0,0,0,0,0,0,0,0,0,11.994003,0,0,0,24,1.142857143,4
1052086947,27,0,27,0,0,0,5,14.35,0,0,0,0,0,0,1,1.59,2.5,13.98,0,0,0,0,1,4.02,0,0,0,0,6,12.9,0,0,0,0,0,0,0,0,0,0,0,0,0,0,0,0,0,2.87,0,0,0,1.59,5.592,0,0,4.02,0,0,2.15,0,0,0,0,0,0,0,0,46.84,2.230476191,4
1053461289,27,0,27,0,1,1.14,0,0,0,0,0,0,0,0,3,2.4,0,0,0,0,0,0,0,0,0,0,0,0,0,0,0,0,0,0,0,0,0,0,0,0,15.25,75.4,0,0,0,0,1.14,0,0,0,0,0.8,0,0,0,0,0,0,0,0,0,4.944262295,0,0,0,0,0,78.94,3.759047619,4
1054010895,26,0,26,0,0,0,0,0,0,0,0,0,0,0,0,0,0,0,0,0,0,0,0,0,0,0,0,0,0,0,5,19.96,0,0,0,0,0,0,0,0,0,0,0,0,0,0,0,0,0,0,0,0,0,0,0,0,0,0,0,3.992,0,0,0,0,0,0,0,19.96,0.950476191,4
1054300718,26,0,26,0,0,0,7,3.29,0,0,0,0,2,2.23,0,0,0,0,0,0,0,0,0,0,6,11.65,0,0,0,0,0,0,0,0,0,0,0,0,0,0,0,0,0,0,0,0,0,0.47,0,0,1.115,0,0,0,0,0,1.941666667,0,0,0,0,0,0,0,0,0,0,17.17,0.817619048,4
1057699876,0,1,11,10,0,0,0,0,0,0,0,0,0,0,0,0,9,53.08,0,0,0,0,0,0,5,40.65,0,0,0,0,0,0,0,0,0,0,10,27.92,0,0,0,0,0,0,0,0,0,0,0,0,0,0,5.897777778,0,0,0,8.13,0,0,0,0,0,0,2.792,0,0,0,121.65,5.792857143,4
1059646198,0,159,159,0,0,0,0,0,0,0,0,0,0,0,2,4.2,5,4.45,2,7.18,0,0,7,7.38,0,0,0,0,0,0,0,0,0,0,0,0,0,0,0,0,0,0,0,0,0,0,0,0,0,0,0,2.1,0.89,3.59,0,1.054285714,0,0,0,0,0,0,0,0,0,0,0,23.21,1.105238095,4
1060807888,24,0,24,0,1,1.49,0,0,0,0,0,0,3.249,24.98,2,2,5.249,34.41,1,0.5,0,0,0,0,2,19.97,0,0,0,0,0,0,0,0,0,0,0,0,0,0,0,0,0,0,0,0,1.49,0,0,0,7.688519545,1,6.555534388,0.5,0,0,9.985,0,0,0,0,0,0,0,0,0,0,83.35,3.969047619,4
1061013304,8,0,8,0,2,19.81,0,0,0,0,0,0,0,0,0,0,1.89,9.64,0,0,0,0,0,0,0,0,0,0,0,0,0,0,0,0,0,0,2.75,13.55,0,0,0,0,0,0,0,0,9.905,0,0,0,0,0,5.100529101,0,0,0,0,0,0,0,0,0,0,4.927272727,0,0,0,43,2.047619048,4
1061545859,22,0,22,0,0,0,0,0,0,0,0,0,0,0,0,0,0,0,0,0,0,0,0,0,1,11.59,0,0,0,0,0,0,1.722,9.59,8,38.34,0,0,0,0,0,0,0,0,1,9.99,0,0,0,0,0,0,0,0,0,0,11.59,0,0,0,5.569105691,0,4.7925,0,0,0,9.99,69.51,3.31,4
1062590029,20,0,20,0,22,93.12,0,0,0,0,64,248.56,3,28.78,3,10.99,10,43.06,1,4.41,0,0,4,6.36,0,0,0,0,0,0,0,0,0,0,2,11.99,0,0,0,0,0,0,0,0,4,8.56,4.232727273,0,0,3.88375,9.593333333,3.663333333,4.306,4.41,0,1.59,0,0,0,0,0,0,5.995,0,0,0,2.14,455.83,21.70619048,4
1062699515,19,0,19,0,0,0,0,0,0,0,0,0,4,12.77,0,0,0,0,0,0,0,0,0,0,0,0,0,0,0,0,0,0,0,0,0,0,0,0,0,0,0,0,0,0,1,1.99,0,0,0,0,3.1925,0,0,0,0,0,0,0,0,0,0,0,0,0,0,0,1.99,14.76,0.702857143,4
1063585721,16,0,16,0,2,5.48,0,0,0,0,0,0,1.333,5.78,10,11.57,7,22.18,37,83.35,0,0,3,3.57,5,9.63,0,0,0,0,0,0,3,19.17,0,0,0,0,0,0,2,9.99,0,0,5,2.55,2.74,0,0,0,4.336084021,1.157,3.168571429,2.252702703,0,1.19,1.926,0,0,0,6.39,4.995,0,0,0,0,0.51,173.27,8.250952381,4
1063621526,15,0,15,0,0,0,0,0,0,0,0,0,0,0,1,1.29,3,35.22,0,0,0,0,0,0,0,0,0,0,0,0,0,0,0,0,0,0,0,0,0,0,0,0,0,0,0,0,0,0,0,0,0,1.29,11.74,0,0,0,0,0,0,0,0,0,0,0,0,0,0,36.51,1.738571429,4
1064517681,13,0,13,0,0,0,0,0,0,0,0,0,0,0,0,0,3,21.57,0,0,0,0,0,0,0,0,0,0,0,0,0,0,3,11.98,0,0,0,0,0,0,0,0,0,0,0,0,0,0,0,0,0,0,7.19,0,0,0,0,0,0,0,3.993333333,0,0,0,0,0,0,33.55,1.597619048,4
1064962317,11,0,11,0,4,6.36,0,0,0,0,0,0,7,33.27,6,6,2,21.54,0,0,0,0,0,0,0,0,0,0,0,0,0,0,0,0,0,0,0,0,0,0,0,0,0,0,0,0,1.59,0,0,0,4.752857143,1,10.77,0,0,0,0,0,0,0,0,0,0,0,0,0,0,67.17,3.198571429,4
1065426148,10,0,10,0,0,0,0,0,0,0,0,0,0,0,0,0,6,14.64,2,6.98,0,0,2,4.39,9,29.96,0,0,1,1.74,0,0,0,0,0,0,0,0,0,0,0,0,0,0,0,0,0,0,0,0,0,0,2.44,3.49,0,2.195,3.328888889,0,1.74,0,0,0,0,0,0,0,0,57.71,2.748095238,4
1065506667,9,0,9,0,0,0,0,0,0,0,0,0,4.25,14.53,0,0,1,7.17,0,0,0,0,0,0,0,0,0,0,0,0,0,0,2.611,6.01,0,0,0,0,0,0,0,0,0,0,0,0,0,0,0,0,3.418823529,0,7.17,0,0,0,0,0,0,0,2.301800077,0,0,0,0,0,0,27.71,1.31952381,4
1066350495,8,0,8,0,0,8.88E-16,0,0,0,0,0,0,0,0,0,0,0,0,0,0,0,0,0,0,0,0,0,0,0,0,0,0,2,7.99,0,0,0,0,0,0,0,0,0,0,2,7.98,0,0,0,0,0,0,0,0,0,0,0,0,0,0,3.995,0,0,0,0,0,3.99,15.97,0.760476191,4
1066356328,8,0,8,0,1,2.39,0,0,0,0,0,0,0,0,0,0,4,15.95,0,0,0,0,0,0,0,0,0,0,0,0,0,0,2.167,14.29,0,0,0,0,0,0,0,0,0,0,0,0,2.39,0,0,0,0,0,3.9875,0,0,0,0,0,0,0,6.594370097,0,0,0,0,0,0,32.63,1.553809524,4
1066573971,7,0,7,0,0,0,0,0,0,0,11,42.35,0,0,5,8.57,0,0,0,0,0,0,0,0,0,0,0,0,0,0,0,0,0,0,0,0,0,0,1,9.95,0,0,0,0,0,0,0,0,0,3.85,0,1.714,0,0,0,0,0,0,0,0,0,0,0,0,9.95,0,0,60.87,2.898571429,4
1066714146,6,0,6,0,0,0,0,0,0,0,0,0,0,0,1,1.51,1,5.2,0,0,0,0,0,0,1,2.79,0,0,0,0,0,0,0,0,0,0,0,0,0,0,0,0,0,0,2,8.39,0,0,0,0,0,1.51,5.2,0,0,0,2.79,0,0,0,0,0,0,0,0,0,4.195,17.89,0.851904762,4
1070950736,0,158,158,0,1,0.74,0,0,0,0,0,0,0,0,1,0.75,1,4.05,0,0,0,0,0,0,0,0,0,0,0,0,0,0,0,0,0,0,0,0,0,0,0,0,0,0,2,4.71,0.74,0,0,0,0,0.75,4.05,0,0,0,0,0,0,0,0,0,0,0,0,0,2.355,10.25,0.488095238,4
1074198951,24,128,157,5,0,0,0,0,0,0,0,0,0,0,4,4.38,0,0,0,0,1,0.88,0,0,23,48.86,0,0,0,0,0,0,0,0,0,0,0,0,0,0,0,0,0,0,0,0,0,0,0,0,0,1.095,0,0,0.88,0,2.124347826,0,0,0,0,0,0,0,0,0,0,54.12,2.577142857,4
1081212225,0,60,60,0,0,0,0,0,1,8.99,0,0,0,0,3,2.69,1,1.59,0,0,0,0,3,5.17,0,0,0,0,0,0,0,0,0,0,0,0,0,0,0,0,0,0,0,0,0,0,0,0,8.99,0,0,0.896666667,1.59,0,0,1.723333333,0,0,0,0,0,0,0,0,0,0,0,18.44,0.878095238,4
1084105186,6,0,6,0,10,18.31,0,0,0,0,0,0,0,0,1,0.8,0,0,0,0,0,0,2,3.16,0,0,0,0,0,0,0,0,0,0,0,0,0,0,0,0,0,0,0,0,0,0,1.831,0,0,0,0,0.8,0,0,0,1.58,0,0,0,0,0,0,0,0,0,0,0,22.27,1.060476191,4
1084317575,4,0,4,0,17,259.45,0,0,0,0,0,0,0,0,0,0,2,3.32,0,0,0,0,0,0,0,0,0,0,0,0,6,34.36,0,0,0,0,0,0,0,0,0,0,0,0,0,0,15.26176471,0,0,0,0,0,1.66,0,0,0,0,0,0,5.726666667,0,0,0,0,0,0,0,297.13,14.14904762,4
,,,,,157,158,63,63,18,18,83,83,109,109,147,147,197,195,68,68,55,55,81,81,73,74,50,50,52,52,81,81,60,60,54,54,64,64,51,51,55,55,59,60,84,85,157,63,18,83,109,147,195,68,55,81,73,50,52,81,60,55,54,64,51,59,84,258,258,258
